"PlayerName","position","TeamName","TeamNameAbb","teamid","playerid","Bats","xMLBAMID","Season","Age","AgeR","SeasonMin","SeasonMax","G","AB","PA","H","1B","2B","3B","HR","R","RBI","BB","IBB","SO","HBP","SF","SH","GDP","SB","CS","AVG","GB","FB","LD","IFFB","Pitches","Balls","Strikes","IFH","BU","BUH","BB%","K%","BB/K","OBP","SLG","OPS","ISO","BABIP","GB/FB","LD%","GB%","FB%","IFFB%","HR/FB","IFH%","BUH%","TTO%","wOBA","wRAA","wRC","Batting","Fielding","Replacement","Positional","wLeague","CFraming","Defense","Offense","RAR","WAR","WAROld","Dollars","BaseRunning","Spd","wRC+","wBsR","WPA","-WPA","+WPA","RE24","REW","pLI","phLI","PH","WPA/LI","Clutch","FB%1","FBv","SL%","SLv","CT%","CTv","CB%","CBv","CH%","CHv","SF%","SFv","KN%","KNv","XX%","PO%","wFB","wSL","wCT","wCB","wCH","wSF","wKN","wFB/C","wSL/C","wCT/C","wCB/C","wCH/C","wSF/C","wKN/C","O-Swing%","Z-Swing%","Swing%","O-Contact%","Z-Contact%","Contact%","Zone%","F-Strike%","SwStr%","CStr%","C+SwStr%","Pull","Cent","Oppo","Soft","Med","Hard","bipCount","Pull%","Cent%","Oppo%","Soft%","Med%","Hard%","UBR","GDPRuns","AVG+","BB%+","K%+","OBP+","SLG+","ISO+","BABIP+","LD%+","GB%+","FB%+","HRFB%+","Pull%+","Cent%+","Oppo%+","Soft%+","Med%+","Hard%+","xwOBA","xAVG","xSLG","XBR","PPTV","CPTV","BPTV","DSV","DGV","BTV","rPPTV","rCPTV","rBPTV","rDSV","rDGV","rBTV","EBV","ESV","rFTeamV","rBTeamV","rTV","piCH%","piCS%","piCU%","piFA%","piFC%","piFS%","piKN%","piSB%","piSI%","piSL%","piXX%","pivCH","pivCS","pivCU","pivFA","pivFC","pivFS","pivKN","pivSB","pivSI","pivSL","pivXX","piCH-X","piCS-X","piCU-X","piFA-X","piFC-X","piFS-X","piKN-X","piSB-X","piSI-X","piSL-X","piXX-X","piCH-Z","piCS-Z","piCU-Z","piFA-Z","piFC-Z","piFS-Z","piKN-Z","piSB-Z","piSI-Z","piSL-Z","piXX-Z","piwCH","piwCS","piwCU","piwFA","piwFC","piwFS","piwKN","piwSB","piwSI","piwSL","piwXX","piwCH/C","piwCS/C","piwCU/C","piwFA/C","piwFC/C","piwFS/C","piwKN/C","piwSB/C","piwSI/C","piwSL/C","piwXX/C","piO-Swing%","piZ-Swing%","piSwing%","piO-Contact%","piZ-Contact%","piContact%","piZone%","piPace","Events","EV","LA","Barrels","Barrel%","maxEV","HardHit","HardHit%","Q","TG","TPA","Pos"
"Aaron Judge","OF","NYY","NYY",9,15640,"R",592450,2024,32,"32 - 32",2024,2024,158,559,704,180,85,36,1,58,122,144,133,20,171,9,2,0,22,10,0,0.322,119,180,91,10,2887,1252,1635,10,0,0,0.189,0.243,0.778,0.458,0.701,1.159,0.379,0.367,0.661,0.233,0.305,0.462,0.056,0.322,0.084,0,0.514,0.476,93.807,176.16,95.394,-6.445,21.287,-3.431,2.181,NA,-9.876,94.956,108.548,11.211,11.302,89.685,-0.438,3.92,218.425,0.366,6.172,-9.348,15.52,96.762,10.102,0.921,NA,0,9.473,-2.775,0.438,94.638,0.267,84.805,0.091,89.498,0.067,80.655,0.106,85.637,0.031,86.607,NA,NA,0.025,NA,48.396,18.839,6.162,1.335,5.172,5.86,NA,3.826,2.45,2.343,0.688,1.696,6.584,NA,0.213,0.719,0.42,0.489,0.807,0.712,0.41,0.518,0.121,0.146,0.267,156,136,98,28,176,186,391,0.4,0.349,0.251,0.072,0.451,0.477,-0.2,-0.6,134.327,232.531,107.618,148.297,177.757,245.019,128.672,119.675,73.565,118.266,284.218,98.008,99.347,104.326,44.302,85.466,153.887,0.484,0.315,0.742,-0.804,2,0,0,0,0,0,0.163,NA,NA,NA,NA,NA,2,0,0.163,0,0.163,0.108,NA,0.057,0.267,0.093,0.028,NA,NA,0.168,0.28,NA,85.679,NA,79.939,94.9,89.882,86.471,NA,NA,94.196,84.717,NA,0.47,NA,2.615,-1.635,1.22,-5.335,NA,NA,-4.633,3.644,NA,1.741,NA,-7.821,8.464,3.769,0.851,NA,NA,3.254,-0.451,NA,5.647,NA,0.456,27.365,4.401,5.698,NA,NA,19.292,22.235,NA,1.81,NA,0.28,3.559,1.648,7.122,NA,NA,3.986,2.755,NA,0.173,0.67,0.42,0.376,0.801,0.713,0.497,18.992,391,96.229,18.888,105,0.269,117.516,238,0.609,4.346,162,704,0.258
"Bobby Witt Jr.","SS","KCR","KCR",7,25764,"R",677951,2024,24,"24 - 24",2024,2024,161,636,709,211,123,45,11,32,125,109,57,9,106,8,8,0,4,31,12,0.332,199,239,100,26,2602,913,1689,21,0,0,0.08,0.15,0.538,0.389,0.588,0.977,0.256,0.354,0.833,0.186,0.37,0.444,0.109,0.134,0.106,0,0.275,0.41,56.813,139.751,54.792,10.468,21.438,7.061,2.197,NA,17.529,59.319,100.483,10.378,9.957,83.021,4.527,7.202,167.54,-0.073,4.986,-10.365,15.352,63.745,6.319,0.941,NA,0,5.7,-0.399,0.442,94.43,0.277,85.095,0.09,89.742,0.08,80.679,0.078,84.764,0.033,86.384,NA,NA,0.009,NA,28.126,20.251,4.122,1.29,-0.534,8.227,NA,2.446,2.817,1.769,0.617,-0.263,9.567,NA,0.354,0.748,0.512,0.7,0.884,0.808,0.4,0.615,0.098,0.138,0.236,189,207,142,79,269,190,538,0.351,0.385,0.264,0.147,0.5,0.353,1.4,-0.3,138.398,98.953,66.24,126.036,149.062,165.579,123.87,95.333,89.179,113.833,118.1,86.076,109.615,109.582,90.611,94.692,113.953,0.413,0.321,0.594,4.6,2,0,0,0,0,0,0.098,NA,NA,NA,NA,NA,2,0,0.098,0,0.098,0.078,NA,0.068,0.282,0.092,0.03,NA,NA,0.154,0.295,NA,84.664,NA,80.817,94.698,90.647,86.395,NA,NA,94.039,84.988,NA,-1.505,NA,2.58,-1.827,1.111,-4.797,NA,NA,-6.505,3.354,NA,2.388,NA,-6.355,8.403,4.135,1.288,NA,NA,3.691,-0.335,NA,2.542,NA,1.52,9.411,3.458,6.038,NA,NA,18.148,20.231,NA,1.252,NA,0.854,1.286,1.447,7.642,NA,NA,4.537,2.634,NA,0.309,0.711,0.511,0.647,0.875,0.806,0.503,19.142,538,92.732,15.127,77,0.143,116.885,259,0.481,4.377,162,709,0.006
"Shohei Ohtani","DH","LAD","LAD",22,19755,"L",660271,2024,29,"29 - 29",2024,2024,159,636,731,197,98,38,7,54,134,130,81,10,162,6,5,0,7,59,4,0.31,172,193,113,10,2838,1087,1751,10,1,0,0.111,0.222,0.5,0.39,0.646,1.036,0.336,0.336,0.891,0.236,0.36,0.404,0.052,0.28,0.058,0,0.406,0.431,70.82,156.331,70.94,NA,22.103,-17.176,2.24,NA,-17.176,80.69,87.857,9.074,8.957,72.589,9.75,8.106,181.154,8.799,7.307,-11.061,18.368,81.445,8.387,0.982,NA,0,7.961,-0.519,0.441,94.262,0.221,84.858,0.096,89.871,0.078,80.869,0.111,86.513,0.048,87.263,0.005,77.214,0.014,NA,31.691,14.174,1.078,9.167,8.223,8.181,0.156,2.531,2.261,0.396,4.129,2.619,5.971,1.116,0.305,0.705,0.472,0.594,0.82,0.735,0.418,0.602,0.125,0.144,0.269,203,166,110,51,216,212,482,0.424,0.347,0.23,0.106,0.451,0.443,-1,0.5,125.485,134.47,98.112,123.711,159.99,214.214,113.881,119.476,83.676,108.509,234.386,105.018,98.347,94.089,66.765,85.909,140.226,0.448,0.32,0.678,0.952,0,0,0,0,0,0,NA,NA,NA,NA,NA,NA,0,0,0,0,0,0.11,0,0.073,0.283,0.099,0.045,0.005,NA,0.157,0.228,NA,86.518,67.988,80.861,94.989,90.153,86.81,77.255,NA,93.07,84.789,NA,-5.485,2.226,2.594,-1.833,0.445,-4.885,-4.647,NA,0.786,-0.366,NA,1.712,-6.255,-6.881,7.829,3.715,1.126,-5.457,NA,3.269,-0.211,NA,8.812,0.09,8.829,16.584,0.53,7.339,0.163,NA,12.526,14.553,NA,2.833,8.98,4.245,2.063,0.189,5.778,1.167,NA,2.815,2.249,NA,0.256,0.686,0.473,0.497,0.822,0.735,0.505,18.264,482,95.804,16.213,103,0.214,119.207,287,0.595,4.512,162,731,1
"Juan Soto","OF","NYY","NYY",9,20123,"L",665742,2024,25,"25 - 25",2024,2024,157,576,713,166,90,31,4,41,128,109,129,2,119,4,4,0,10,7,4,0.288,199,164,93,14,2969,1306,1663,6,5,4,0.181,0.167,1.084,0.419,0.569,0.989,0.281,0.298,1.213,0.204,0.436,0.36,0.085,0.25,0.03,0.8,0.405,0.421,63.358,146.763,64.966,1.291,21.559,-7.38,2.209,NA,-6.089,61.141,78.82,8.14,8.2,65.123,-3.825,4.301,179.632,-1.964,5.981,-9.091,15.072,69.944,7.308,0.864,0.746,1,7.469,-0.544,0.404,94.168,0.217,84.668,0.105,89.51,0.086,80.134,0.14,86.552,0.047,86.493,NA,NA,0.006,NA,39.157,4.292,7.34,7.777,7.09,2.043,NA,3.271,0.668,2.353,3.062,1.709,1.459,NA,0.213,0.601,0.369,0.674,0.864,0.799,0.402,0.541,0.074,0.189,0.263,208,160,93,58,205,198,461,0.451,0.347,0.202,0.126,0.445,0.43,-1,-0.4,120.223,222.691,73.947,135.773,144.346,181.705,104.214,104.603,105.215,92.158,220.514,110.552,98.878,83.756,77.636,84.217,138.585,0.463,0.319,0.658,-1.861,7,0,2,0,0,0,0.277,NA,-0.224,NA,NA,NA,7,2,0.277,-0.224,0.053,0.149,NA,0.084,0.23,0.108,0.039,NA,NA,0.167,0.223,NA,86.679,NA,80.008,94.431,90.039,85.977,NA,NA,93.723,84.609,NA,-6.315,NA,2.678,-2.227,0.785,-6.735,NA,NA,-0.417,-0.213,NA,1.288,NA,-7.555,8.467,4.012,1.446,NA,NA,3.524,-0.571,NA,6.377,NA,8.727,18.635,7.791,3.029,NA,NA,17.03,3.589,NA,1.446,NA,3.519,2.736,2.435,2.657,NA,NA,3.454,0.545,NA,0.18,0.578,0.369,0.611,0.862,0.797,0.474,19.045,461,94.183,10.68,91,0.197,115.731,262,0.568,4.401,162,713,0.032
"Gunnar Henderson","3B/SS","BAL","BAL",2,26289,"L",683002,2024,23,"23 - 23",2024,2024,159,630,719,177,102,31,7,37,118,92,78,1,159,7,4,0,2,21,4,0.281,222,155,98,12,2903,1137,1766,18,0,0,0.108,0.221,0.491,0.364,0.529,0.893,0.248,0.32,1.432,0.206,0.467,0.326,0.077,0.239,0.081,0,0.381,0.381,41.253,125.36,45.038,-2.189,21.74,6.903,2.228,NA,4.714,49.004,77.686,8.023,7.746,64.186,3.966,6.711,154.745,1.112,3.025,-10.003,13.027,34.162,3.736,0.879,NA,0,3.245,0.198,0.489,93.945,0.176,84.301,0.091,89.251,0.072,79.469,0.134,86.426,0.038,85.946,NA,NA,0.004,NA,8.524,13.286,7.12,8.657,5.535,0.547,NA,0.602,2.6,2.707,4.142,1.43,0.493,NA,0.262,0.686,0.442,0.623,0.858,0.778,0.426,0.556,0.098,0.167,0.265,186,179,110,64,205,206,475,0.392,0.377,0.232,0.135,0.432,0.434,0.4,0.4,117.202,133.526,97.978,117.979,133.985,159.978,111.922,105.818,112.681,83.616,210.555,95.945,107.359,96.146,83.142,81.735,139.935,0.379,0.289,0.505,2.854,6,0,1,0,0,0,0.717,NA,-0.039,NA,NA,NA,6,1,0.717,-0.039,0.678,0.132,NA,0.072,0.321,0.088,0.039,NA,NA,0.161,0.188,NA,86.424,NA,79.365,94.464,89.436,85.795,NA,NA,93.319,84.549,NA,-7.283,NA,4.15,-1.565,0.784,-5.328,NA,NA,-0.809,0.146,NA,1.517,NA,-7.947,8.338,3.71,0.787,NA,NA,2.821,-0.37,NA,5.81,NA,8.206,2.603,4.314,1.51,NA,NA,3.836,16.876,NA,1.525,NA,3.945,0.28,1.692,1.349,NA,NA,0.822,3.102,NA,0.238,0.64,0.442,0.555,0.855,0.776,0.508,18.07,475,92.805,9.215,53,0.112,113.101,256,0.539,4.438,162,719,0.013
"Francisco Lindor","SS","NYM","NYM",25,12916,"B",596019,2024,30,"30 - 30",2024,2024,152,618,689,169,96,39,1,33,107,91,56,0,127,12,3,0,7,29,4,0.273,170,213,110,16,2716,978,1738,13,1,1,0.081,0.184,0.441,0.344,0.5,0.844,0.227,0.295,0.798,0.223,0.345,0.432,0.075,0.155,0.076,1,0.313,0.363,29.228,109.826,30.837,10.783,20.833,6.639,2.111,NA,17.422,34.834,75.201,7.767,7.91,62.132,3.997,5.651,137.427,2.886,4.439,-10.695,15.134,35.041,3.772,0.96,2.503,1,3.294,1.328,0.496,93.926,0.156,85.149,0.084,89.229,0.106,79.902,0.118,86.066,0.038,86.893,0.002,76,0.001,NA,14.301,10.019,0.005,2.328,2.651,1.599,-0.211,1.062,2.363,0.002,0.808,0.831,1.553,-4.223,0.305,0.715,0.485,0.662,0.854,0.786,0.439,0.602,0.103,0.153,0.256,224,168,102,61,252,181,494,0.453,0.34,0.206,0.123,0.51,0.366,1.6,0.1,110.785,98.634,81.603,109.082,123.788,144.222,99.849,112.765,80.187,116.11,129.787,112.364,96.51,84.597,77.431,97.184,116.086,0.382,0.287,0.539,1.112,3,0,0,0,0,0,0.104,NA,NA,NA,NA,NA,3,0,0.104,0,0.104,0.121,0,0.104,0.371,0.087,0.033,0.002,NA,0.119,0.163,NA,86.18,78.55,79.576,94.387,90.063,86.201,75.906,NA,93.194,85.116,NA,-3.438,6.275,3.547,-2.149,0.371,-3.926,-2.882,NA,-3.342,2.461,NA,1.751,-9.877,-6.935,8.099,3.99,1.474,-3.306,NA,3.143,-0.027,NA,5.416,-0.039,3.235,7.636,-0.513,0.339,-0.213,NA,5.229,9.28,NA,1.661,-3.936,1.155,0.763,-0.218,0.381,-4.268,NA,1.634,2.104,NA,0.285,0.661,0.484,0.607,0.855,0.786,0.53,18.396,494,90.889,17.046,66,0.134,112.725,234,0.474,4.253,162,689,0.007
"Jarren Duran","OF","BOS","BOS",3,24617,"L",680776,2024,27,"27 - 27",2024,2024,160,671,735,191,108,48,14,21,111,75,54,1,160,6,3,1,6,34,7,0.285,237,179,93,15,2848,1016,1832,20,6,1,0.073,0.218,0.338,0.342,0.492,0.834,0.207,0.345,1.324,0.183,0.466,0.352,0.084,0.117,0.084,0.167,0.32,0.357,27.62,113.598,24.408,9.675,22.224,-1.754,2.277,NA,7.921,32.773,65.196,6.733,6.182,53.866,8.365,7.983,129.023,2.647,2.294,-11.656,13.95,22.192,2.249,0.918,NA,0,3.125,-0.624,0.513,93.849,0.19,84.046,0.089,90.024,0.085,80.195,0.089,86.877,0.033,86.054,0.002,75.2,0.003,NA,16.341,2.205,3.549,5.434,7.25,-0.944,1.26,1.121,0.408,1.403,2.255,2.866,-1.015,25.192,0.312,0.708,0.482,0.602,0.887,0.781,0.429,0.585,0.105,0.161,0.266,166,196,153,82,258,175,515,0.322,0.381,0.297,0.159,0.501,0.34,-0.5,0.2,118.745,90.429,96.448,110.716,124.665,133.834,120.744,93.711,112.259,90.113,103.481,78.978,108.425,123.344,98.252,94.876,109.644,0.346,0.28,0.464,5.718,4,0,0,0,1,0,0.261,NA,NA,NA,0.158,NA,4,0,0.419,0,0.419,0.092,NA,0.078,0.363,0.097,0.03,0.002,0,0.142,0.196,NA,86.481,NA,80.2,94.436,90.519,86.338,75.17,81.534,92.864,83.934,NA,-7.555,NA,3.924,-1.875,0.598,-5.524,-1.569,-4.61,0.803,-0.384,NA,1.575,NA,-7.402,8.323,4.428,0.196,-0.33,-3.41,2.813,-0.573,NA,8.755,NA,7.685,7.861,1.396,-1.344,1.259,-0.223,6.803,0.88,NA,3.342,NA,3.446,0.762,0.506,-1.581,25.185,-22.285,1.688,0.158,NA,0.291,0.656,0.482,0.549,0.874,0.78,0.523,18.294,515,90.781,9.459,47,0.091,113.885,225,0.437,4.537,162,735,0
"José Ramírez","3B","CLE","CLE",5,13510,"B",608070,2024,31,"31 - 31",2024,2024,158,620,682,173,93,39,2,39,114,118,54,12,82,1,6,0,9,41,7,0.279,186,266,92,29,2740,977,1763,16,0,0,0.079,0.12,0.659,0.335,0.537,0.872,0.258,0.265,0.699,0.169,0.342,0.489,0.109,0.147,0.086,0,0.257,0.364,29.695,109.474,32.208,2.876,20.622,-1.557,2.113,NA,1.32,38.514,62.568,6.462,6.285,51.695,6.306,6.627,141.273,4.292,3.426,-10.722,14.148,49.358,5.149,0.955,NA,0,3.887,-0.301,0.382,94.058,0.192,84.823,0.105,89.418,0.099,80.099,0.168,85.928,0.05,87.862,0.003,80.286,0.018,NA,17.041,3.582,-4.015,7.51,8.636,-3.445,-0.033,1.629,0.681,-1.399,2.761,1.877,-2.496,-0.466,0.348,0.706,0.494,0.783,0.922,0.864,0.406,0.545,0.067,0.15,0.217,287,151,106,88,266,190,545,0.528,0.278,0.195,0.162,0.489,0.349,0.3,0.4,116.401,97.457,53.271,108.398,136.146,166.726,92.913,86.739,82.433,125.295,129.324,129.266,79.079,80.898,99.82,92.604,112.696,0.332,0.262,0.46,2.014,4,0,0,1,0,0,0.143,NA,NA,0.038,NA,NA,5,0,0.181,0,0.181,0.178,0,0.099,0.262,0.101,0.036,0.003,NA,0.121,0.2,0.001,86.132,72.109,80.142,94.401,89.701,86.682,80.144,NA,93.741,84.889,89.184,-4.301,4.712,3.101,-2.262,0.413,-5.476,-4.24,NA,-3.095,2.432,-8.851,1.596,-9.364,-7.306,8.102,3.691,1.126,-4.274,NA,3.185,-0.418,-0.009,3.588,0.063,7.469,11.903,-0.775,2.013,-0.074,NA,3.704,0.403,-0.015,0.737,6.337,2.766,1.658,-0.281,2.055,-1.055,NA,1.119,0.074,-0.756,0.317,0.671,0.494,0.741,0.922,0.864,0.501,18.703,545,89.214,19.594,47,0.086,116.564,216,0.396,4.236,161,682,0.203
"Elly De La Cruz","SS","CIN","CIN",18,26668,"B",682829,2024,22,"22 - 22",2024,2024,160,618,696,160,89,36,10,25,105,76,69,2,218,6,1,2,12,67,16,0.259,184,131,82,7,2754,1046,1708,14,6,2,0.099,0.313,0.317,0.339,0.471,0.809,0.212,0.359,1.405,0.207,0.463,0.33,0.053,0.191,0.076,0.333,0.448,0.349,21.55,102.967,14.861,9.582,21.045,7.155,2.133,NA,16.737,22.341,62.256,6.43,6.251,51.437,7.48,8.693,117.856,5.641,-0.369,-12.832,12.463,16.562,1.708,0.97,1.854,1,1.674,-2.054,0.431,93.92,0.168,83.97,0.096,89.265,0.113,80.392,0.15,85.239,0.038,87.24,0.004,78,0.004,NA,21.407,3.093,1.1,-3.739,-0.412,0.009,-0.859,1.805,0.67,0.417,-1.202,-0.099,0.009,-8.587,0.297,0.624,0.429,0.498,0.805,0.679,0.404,0.619,0.138,0.187,0.324,177,138,88,38,216,149,403,0.439,0.342,0.218,0.094,0.536,0.37,0.9,0.4,104.886,120.309,138.666,107.382,116.577,134.95,121.521,104.388,107.777,88.678,159.869,108.836,97.177,89.466,59.128,102.11,117.141,0.331,0.244,0.438,1.839,2,0,1,0,2,0,0.07,NA,-0.039,NA,0.316,NA,2,1,0.386,-0.039,0.347,0.15,NA,0.112,0.316,0.099,0.034,0.004,NA,0.103,0.181,0,85.302,NA,80.577,94.443,90.327,86.766,78.128,NA,92.93,84.095,74.704,-1.497,NA,2.619,-2.022,0.472,-4.886,-1.233,NA,-1.94,1.105,0,1.936,NA,-7.159,7.845,4.084,1.039,-3.497,NA,2.984,-0.543,0,-1.7,NA,-5.584,12.386,-1.041,-0.413,-0.869,NA,12.588,5.084,0.021,-0.411,NA,-1.807,1.424,-0.381,-0.444,-8.686,NA,4.448,1.021,2.105,0.284,0.582,0.429,0.466,0.786,0.677,0.487,18.356,403,91.83,9.723,51,0.127,114.746,184,0.457,4.296,162,696,0
"Ketel Marte","2B","ARI","ARI",15,13613,"B",606466,2024,30,"30 - 30",2024,2024,136,504,583,147,86,23,2,36,93,95,65,7,106,5,9,0,9,7,1,0.292,195,140,70,11,2149,823,1326,10,2,2,0.111,0.182,0.613,0.372,0.56,0.932,0.268,0.299,1.393,0.173,0.481,0.346,0.079,0.257,0.051,1,0.355,0.391,37.924,106.122,35.695,5.555,17.628,-0.777,1.786,NA,4.778,36.617,60.809,6.28,6.2,50.242,0.922,4.32,151.201,-0.181,3.261,-8.478,11.739,39.517,4.047,0.897,1.135,8,3.263,0.371,0.449,94.204,0.16,85.026,0.081,90.192,0.075,80.46,0.176,85.926,0.056,87.207,0.004,78,0.013,NA,28.641,3.665,3.983,7.396,3.051,-5.306,0.114,2.974,1.069,2.302,4.594,0.809,-4.385,1.421,0.293,0.733,0.481,0.674,0.88,0.808,0.428,0.581,0.092,0.135,0.228,211,126,70,44,188,175,407,0.518,0.31,0.172,0.108,0.462,0.43,0.5,0.1,118.16,135.302,80.494,118.036,138.525,170.527,101.264,87.352,111.964,92.899,215.412,128.467,87.855,70.467,67.791,88,136.23,0.395,0.298,0.549,1.103,3,0,0,0,0,0,0.077,NA,NA,NA,NA,NA,3,0,0.077,0,0.077,0.182,NA,0.072,0.313,0.084,0.048,0.004,NA,0.132,0.166,NA,86.046,NA,80.292,94.602,90.653,86.567,77.658,NA,93.598,85.088,NA,-2.452,NA,1.986,-1.096,0.861,-3.897,-2.803,NA,-0.983,0.988,NA,2.165,NA,-6.773,8.022,4.057,0.619,-3.098,NA,3.633,-0.297,NA,2.802,NA,6.645,19.684,7.901,-3.621,0.077,NA,4.771,2.975,NA,0.72,NA,4.287,2.934,4.39,-3.515,0.958,NA,1.692,0.838,NA,0.27,0.687,0.482,0.6,0.885,0.806,0.508,18.428,407,94.125,9.46,50,0.123,117.018,217,0.533,3.599,162,583,0.162
"Vladimir Guerrero Jr.","1B","TOR","TOR",14,19611,"R",665489,2024,25,"25 - 25",2024,2024,159,616,697,199,124,44,1,30,98,103,72,12,96,5,4,0,16,2,2,0.323,252,175,97,11,2603,948,1655,10,0,0,0.103,0.138,0.75,0.396,0.544,0.94,0.221,0.342,1.44,0.185,0.481,0.334,0.063,0.171,0.04,0,0.284,0.398,49.205,130.739,51.857,-4.919,21.075,-11.76,2.16,NA,-16.679,46.297,52.853,5.459,5.694,43.668,-5.559,2.159,165.023,-1.902,2.808,-9.823,12.631,45.665,4.766,0.892,5.889,1,4.691,-1.542,0.531,94.4,0.226,84.701,0.077,89.538,0.038,80.939,0.103,85.556,0.023,87.95,0.002,75.5,0.018,NA,8.271,18.101,10.113,5.02,6.16,-0.647,0.038,0.6,3.089,5.082,5.071,2.316,-1.078,0.639,0.306,0.71,0.48,0.667,0.878,0.801,0.43,0.614,0.096,0.156,0.252,185,207,132,64,244,216,524,0.353,0.395,0.252,0.122,0.466,0.412,-1.1,-0.2,134.764,127.146,61.024,128.206,137.853,142.637,119.791,94.944,115.947,85.577,151.21,86.505,112.543,104.586,75.367,88.187,133.007,0.41,0.323,0.576,-3.658,1,0,0,0,0,0,0.09,NA,NA,NA,NA,NA,1,0,0.09,0,0.09,0.105,NA,0.04,0.295,0.084,0.017,0.002,NA,0.231,0.226,NA,85.481,NA,81.062,94.749,90.52,86.526,75.758,NA,93.915,84.638,NA,-1.138,NA,2.775,-1.616,1.163,-5.331,-4.04,NA,-5.963,4.083,NA,1.91,NA,-7.325,8.529,4.103,0.015,-3.851,NA,3.484,-0.451,NA,3.409,NA,5.53,11.23,9.319,3.152,0.039,NA,-2.473,15.996,NA,1.253,NA,5.369,1.466,4.275,7.005,0.657,NA,-0.413,2.73,NA,0.261,0.681,0.479,0.597,0.874,0.801,0.52,18.78,524,93.751,7.381,72,0.137,117.572,287,0.548,4.302,162,697,0.179
"Matt Chapman","3B","SFG","SFG",30,16505,"R",656305,2024,31,"31 - 31",2024,2024,154,575,647,142,74,39,2,27,98,78,64,3,158,6,2,0,13,15,2,0.247,161,190,68,31,2710,983,1727,17,0,0,0.099,0.244,0.405,0.328,0.463,0.79,0.216,0.293,0.847,0.162,0.384,0.453,0.163,0.142,0.106,0,0.385,0.34,15.6,91.285,15.913,9.315,19.563,2.294,1.982,NA,11.609,19.632,52.787,5.452,5.436,43.614,3.719,5.572,120.568,1.077,0.702,-11.805,12.507,20.225,2.092,1.026,0.467,1,1.912,-1.228,0.513,93.903,0.265,84.788,0.067,88.79,0.066,80.38,0.072,85.031,0.017,87.532,0,76,0.006,NA,8.472,5.001,-3.44,2.471,0.388,1.732,-0.25,0.61,0.698,-1.901,1.38,0.2,3.684,-24.982,0.277,0.658,0.446,0.687,0.849,0.793,0.443,0.641,0.092,0.192,0.284,163,158,98,70,192,157,419,0.389,0.377,0.234,0.167,0.458,0.375,1,0.2,100.047,120.042,108.113,103.909,114.531,137.292,99.293,82.021,89.354,121.864,119.044,96.4,107.012,95.828,104.761,87.299,118.717,0.344,0.254,0.462,2.642,3,0,1,0,0,0,0.246,NA,-0.039,NA,NA,NA,3,1,0.246,-0.039,0.206,0.074,0,0.062,0.322,0.081,0.011,0,NA,0.18,0.267,NA,85.18,43.592,80.474,94.656,89.566,86.38,76.417,NA,93.44,85.017,NA,2.347,-2.738,3.04,-1.757,0.768,-4.251,-3.303,NA,-4.402,2.813,NA,2.138,5.736,-7.013,8.173,3.902,0.892,-3.09,NA,3.574,-0.177,NA,-1.144,1.412,3.283,3.178,-2.543,3.716,-0.253,NA,1.402,4.118,NA,-0.569,141.167,1.943,0.365,-1.156,11.987,-25.276,NA,0.287,0.57,NA,0.237,0.621,0.446,0.649,0.835,0.79,0.545,18.063,419,93.19,16.198,53,0.126,114.488,202,0.482,3.994,162,647,0
"William Contreras","C","MIL","MIL",23,20503,"R",661388,2024,26,"26 - 26",2024,2024,155,595,679,167,105,37,2,23,99,92,78,5,139,3,3,0,19,9,2,0.281,250,133,76,12,2677,1046,1631,22,0,0,0.115,0.205,0.561,0.365,0.466,0.831,0.185,0.33,1.88,0.166,0.545,0.29,0.09,0.173,0.088,0,0.353,0.359,26.532,105.96,24.961,2.337,20.531,5.307,2.08,3.3,7.644,22.36,52.616,5.434,5.736,43.472,-2.601,4.416,130.742,-0.439,0.917,-12.178,13.095,29.105,2.958,1.01,2.978,2,2.559,-1.652,0.488,93.972,0.227,84.855,0.077,88.947,0.079,80.128,0.093,85.496,0.036,85.865,NA,NA,0.007,NA,13.582,0.021,-1.148,6.25,5.606,0.125,NA,1.041,0.003,-0.555,2.962,2.243,0.131,NA,0.291,0.743,0.474,0.572,0.837,0.741,0.405,0.604,0.123,0.136,0.258,181,161,117,61,214,184,459,0.394,0.351,0.255,0.133,0.466,0.401,-1.2,-0.3,113.706,139.407,90.629,115.825,115.258,117.697,111.785,83.682,126.657,77.871,144.868,97.717,99.541,104.437,83.336,88.822,127.009,0.36,0.271,0.483,-2.162,0,0,0,0,0,0,NA,NA,NA,NA,NA,NA,0,0,0,0,0,0.098,0.001,0.072,0.277,0.081,0.03,0,0.001,0.199,0.24,0,85.6,59.833,79.939,94.566,89.29,85.187,59.088,81.509,93.548,84.949,81.154,-0.121,2.871,2.067,-1.527,1.065,-1.978,5.777,-4.639,-5.138,2.893,0,1.556,-3.963,-6.528,8.349,3.929,1.067,4.301,-4.33,3.738,-0.349,0,4.973,0.098,6.493,6.372,-2.748,0.823,0.038,-0.24,3.423,1.519,-0.039,1.898,4.921,3.347,0.86,-1.26,1.041,3.808,-7.985,0.641,0.237,-3.936,0.242,0.704,0.473,0.483,0.825,0.738,0.501,18.435,459,92.796,6.068,46,0.1,118.146,225,0.49,4.191,162,679,0.226
"Cal Raleigh","C","SEA","SEA",11,21534,"B",663728,2024,27,"27 - 27",2024,2024,153,546,628,120,70,16,0,34,73,100,70,4,176,6,6,0,7,6,1,0.22,117,195,64,25,2517,906,1611,8,0,0,0.111,0.28,0.398,0.312,0.436,0.748,0.216,0.251,0.6,0.17,0.311,0.519,0.128,0.174,0.068,0,0.446,0.323,6.261,79.723,12.266,14.273,18.989,7.567,1.946,12.88,21.84,9.693,52.467,5.419,5.762,43.35,-2.573,2.926,117.07,-0.326,1.456,-10.587,12.043,18.237,1.925,1.033,1.878,7,0.64,0.77,0.411,94.209,0.173,84.463,0.082,89.563,0.105,81.103,0.18,85.845,0.051,87.63,NA,NA,0.007,NA,-0.145,3.814,2.5,-1.281,-0.463,-0.159,NA,-0.014,0.879,1.214,-0.487,-0.102,-0.126,NA,0.361,0.761,0.522,0.58,0.817,0.72,0.404,0.635,0.146,0.118,0.264,184,110,82,62,166,148,376,0.489,0.293,0.218,0.165,0.441,0.394,-0.3,0,91.684,137.196,124.169,101.048,110.494,139.625,88.051,87.301,75.022,132.892,153.794,119.904,83.346,90.544,101.751,83.611,127.007,0.347,0.235,0.486,-2.247,3,0,0,0,0,0,0.091,NA,NA,NA,NA,NA,3,0,0.091,0,0.091,0.19,NA,0.102,0.316,0.083,0.037,NA,NA,0.091,0.18,NA,86.069,NA,81.068,94.422,90.227,86.77,NA,NA,93.933,84.574,NA,-2.827,NA,3.374,-2.038,1.037,-5.872,NA,NA,-3.134,2.723,NA,2.076,NA,-6.939,8.406,3.83,0.743,NA,NA,3.099,-0.315,NA,-0.438,NA,-2.143,-4.309,0.634,-0.147,NA,NA,4.002,6.463,NA,-0.092,NA,-0.837,-0.542,0.303,-0.156,NA,NA,1.748,1.427,NA,0.338,0.709,0.522,0.504,0.824,0.72,0.497,19.395,376,90.95,21.209,58,0.154,113.898,181,0.481,3.877,162,628,0.123
"Jackson Merrill","OF","SDP","SDP",29,29490,"L",701538,2024,21,"21 - 21",2024,2024,156,554,593,162,101,31,6,24,77,90,29,1,101,1,5,4,2,16,3,0.292,164,184,109,7,2214,728,1486,12,5,1,0.049,0.17,0.287,0.326,0.5,0.826,0.208,0.318,0.891,0.239,0.359,0.403,0.038,0.13,0.073,0.2,0.26,0.352,19.725,89.093,21.225,4.228,17.931,2.269,1.817,NA,6.497,24.955,51.199,5.288,5.219,42.302,3.729,6.132,129.932,0.959,2.439,-9.291,11.73,15.967,1.615,0.929,0.696,5,2.649,-0.024,0.486,93.841,0.2,84.238,0.086,89.468,0.082,79.709,0.099,85.525,0.047,86.219,NA,NA,0.002,NA,9.345,7.041,1.588,0.814,2.369,2.259,NA,0.869,1.593,0.836,0.447,1.082,2.152,NA,0.383,0.807,0.568,0.701,0.876,0.81,0.435,0.654,0.108,0.102,0.21,152,191,119,57,241,164,462,0.329,0.413,0.258,0.123,0.522,0.355,-0.2,0.4,118.465,59.347,75.403,103.373,123.788,132.154,107.621,120.542,83.45,108.203,109.267,81.528,117.323,105.532,77.365,99.379,112.468,0.376,0.308,0.547,2.77,0,0,0,0,0,0,NA,NA,NA,NA,NA,NA,0,0,0,0,0,0.105,0.001,0.082,0.319,0.089,0.041,NA,0.002,0.159,0.202,NA,85.498,80.636,79.544,94.326,90.085,86.736,NA,80.504,93.017,84.262,NA,-6.862,5.69,3.007,-2.474,0.51,-6.025,NA,-4.814,-1.846,0.85,NA,1.303,-9.765,-7.158,8.063,4.066,0.154,NA,-2.559,2.854,-0.744,NA,4.122,-0.05,1.823,4.247,3.375,-0.236,NA,0.816,2.043,4.909,NA,1.777,-1.672,1.002,0.601,1.722,-0.263,NA,20.393,0.579,1.098,NA,0.352,0.771,0.568,0.664,0.871,0.809,0.515,18.769,462,90.366,14.615,52,0.113,111.567,203,0.439,3.66,162,593,0
"Yordan Alvarez","DH/OF","HOU","HOU",21,19556,"L",670541,2024,27,"27 - 27",2024,2024,147,552,635,170,99,34,2,35,88,86,69,16,95,10,4,0,14,6,0,0.308,153,219,88,13,2271,846,1425,10,1,1,0.109,0.15,0.726,0.392,0.567,0.959,0.259,0.317,0.699,0.191,0.333,0.476,0.059,0.16,0.065,1,0.313,0.402,46.718,120.999,49.277,-4.318,19.2,-12.32,1.968,NA,-16.638,46.395,50.925,5.259,5.302,42.076,-2.882,3.845,167.821,-0.079,3.964,-9.142,13.105,45.984,4.769,0.985,NA,0,5.702,-1.68,0.484,94.15,0.201,84.147,0.095,89.86,0.097,79.782,0.078,86.311,0.045,86.804,NA,NA,0.028,NA,21.89,5.03,2.278,4.129,3.223,6.167,NA,1.999,1.106,1.06,1.877,1.821,6.046,NA,0.335,0.691,0.477,0.684,0.907,0.813,0.399,0.584,0.089,0.149,0.238,169,173,119,57,215,189,461,0.367,0.375,0.258,0.124,0.466,0.41,-1.2,-0.7,128.473,133.745,66.284,126.957,143.734,167.368,110.965,98.119,80.191,121.994,140.968,89.823,106.912,107.171,76.297,88.325,132.286,0.414,0.305,0.608,-2.803,4,0,3,0,0,0,0.242,NA,-0.391,NA,NA,NA,4,3,0.242,-0.391,-0.149,0.078,NA,0.093,0.351,0.098,0.043,NA,NA,0.126,0.21,NA,86.504,NA,79.813,94.553,90.682,86.521,NA,NA,93.267,84.265,NA,-5.71,NA,3.371,-1.458,0.125,-6.098,NA,NA,0.031,0.108,NA,2.166,NA,-7.589,8.436,4.816,1.018,NA,NA,3.713,-0.299,NA,4.945,NA,4.016,9.527,3.107,4.659,NA,NA,10.591,5.012,NA,2.809,NA,1.903,1.198,1.393,4.754,NA,NA,3.716,1.053,NA,0.312,0.651,0.477,0.635,0.903,0.813,0.488,18.958,461,93.055,18.255,67,0.145,116.974,229,0.497,3.944,161,635,0.639
"Bryce Harper","OF","PHI","PHI",26,11579,"L",547180,2024,31,"31 - 31",2024,2024,145,550,631,157,85,42,0,30,85,87,76,11,138,2,2,1,18,7,4,0.285,156,164,94,7,2474,932,1542,11,1,0,0.12,0.219,0.551,0.373,0.525,0.898,0.24,0.331,0.951,0.227,0.377,0.396,0.043,0.183,0.071,0,0.387,0.38,35.57,109.383,33.947,6.616,19.08,-10.898,1.933,NA,-4.282,33.489,50.221,5.187,4.908,41.493,-0.457,2.767,144.989,-1.42,-0.02,-10.19,10.169,28.03,2.785,0.925,NA,0,2.032,-2.054,0.456,93.979,0.215,84.352,0.066,89.25,0.113,80.036,0.11,86.132,0.038,86.547,0.001,78.5,0.019,NA,10.51,0.282,4.233,1.758,8.342,4.043,-0.462,0.933,0.053,2.581,0.632,3.067,4.256,-23.095,0.366,0.805,0.528,0.581,0.883,0.751,0.368,0.618,0.131,0.096,0.227,143,139,133,51,200,164,415,0.345,0.335,0.32,0.123,0.482,0.395,-0.3,-1.2,115.643,146.165,96.822,118.29,130.09,152.793,111.938,114.751,87.624,106.458,153.24,85.387,95.051,131.306,77.061,91.813,125.206,0.361,0.271,0.488,0.962,5,0,0,0,0,0,0.17,NA,NA,NA,NA,NA,5,0,0.17,0,0.17,0.112,0.001,0.114,0.309,0.072,0.035,0.001,0,0.14,0.216,NA,86.261,80.32,79.875,94.605,89.712,86.294,78.489,81.398,92.956,84.584,NA,-5.302,4.254,3.039,-1.567,0.628,-5.376,-2.1,-3.652,1.997,-0.026,NA,1.767,-9.691,-6.789,8.127,3.68,0.461,-3.199,-2.491,3.662,-0.252,NA,6.766,-0.018,0.525,6.473,4.34,5.442,-0.468,0.511,2.118,2.194,NA,2.452,-0.611,0.187,0.848,2.452,6.255,-23.375,51.057,0.614,0.411,NA,0.338,0.77,0.527,0.522,0.879,0.75,0.438,18.956,415,91.031,13.487,43,0.104,113.828,196,0.472,3.895,162,631,0.021
"Brent Rooker","DH/OF","OAK","OAK",10,19627,"R",667670,2024,29,"29 - 29",2024,2024,145,546,614,160,93,26,2,39,82,112,59,4,177,5,4,0,5,11,3,0.293,124,170,79,14,2378,875,1503,12,0,0,0.096,0.288,0.333,0.365,0.562,0.927,0.269,0.362,0.729,0.212,0.332,0.456,0.082,0.229,0.097,0,0.448,0.392,40.526,112.35,44.704,-1.91,18.566,-14.678,1.903,NA,-16.588,45.528,49.408,5.103,4.912,40.822,0.824,4.276,163.631,-0.223,3.814,-10.128,13.942,47.582,5.024,1.017,0.063,1,3.958,-0.208,0.458,94.34,0.253,84.492,0.069,88.908,0.073,80.069,0.11,84.66,0.038,86.1,NA,NA,0.005,NA,26.057,13.155,3.231,-0.575,0.292,-1.304,NA,2.395,2.185,1.982,-0.333,0.112,-1.448,NA,0.341,0.748,0.502,0.462,0.839,0.684,0.395,0.635,0.159,0.13,0.289,165,120,88,52,177,144,373,0.442,0.322,0.236,0.139,0.475,0.386,-0.1,0.1,122.245,118.273,127.722,118.117,142.528,173.94,126.853,108.629,80.15,116.786,202.354,108.387,91.654,97.95,86.026,89.869,124.568,0.383,0.269,0.57,1.047,0,0,0,0,0,0,NA,NA,NA,NA,NA,NA,0,0,0,0,0,0.114,NA,0.071,0.304,0.071,0.033,NA,NA,0.146,0.261,NA,84.957,NA,80.266,94.816,90.184,85.758,NA,NA,94.036,84.573,NA,-1.579,NA,2.516,-2.479,1.123,-4.832,NA,NA,-6.276,3.76,NA,2.177,NA,-7.336,8.435,4.137,0.164,NA,NA,3.194,-0.117,NA,1.533,NA,1.061,12.061,7.307,-2.382,NA,NA,9.963,9.872,NA,0.564,NA,0.632,1.668,4.349,-3.054,NA,NA,2.863,1.592,NA,0.307,0.711,0.501,0.401,0.813,0.682,0.481,19.009,373,91.909,18.917,62,0.166,113.364,185,0.496,3.79,162,614,0.903
"Willy Adames","SS","MIL","MIL",23,15986,"R",642715,2024,28,"28 - 28",2024,2024,161,610,688,153,88,33,0,32,93,112,74,3,173,1,3,0,12,21,4,0.251,138,219,83,25,2736,999,1737,12,0,0,0.108,0.251,0.428,0.331,0.462,0.794,0.211,0.297,0.63,0.189,0.314,0.498,0.114,0.146,0.087,0,0.406,0.342,17.583,98.064,15.992,-1.307,20.803,7.234,2.108,NA,5.927,17.226,46.064,4.757,4.971,38.059,1.234,4.433,119.438,1.317,1.201,-12.951,14.152,23.182,2.435,1.079,NA,0,0.165,0.948,0.516,94.162,0.231,84.72,0.086,89.267,0.068,80.342,0.065,84.876,0.034,86.946,NA,NA,0.005,NA,-3.137,13.097,-1.192,1.058,5.99,-1.571,NA,-0.223,2.072,-0.505,0.566,3.384,-1.707,NA,0.315,0.732,0.494,0.571,0.836,0.739,0.429,0.596,0.129,0.141,0.269,199,148,93,72,225,143,440,0.452,0.336,0.211,0.164,0.511,0.325,1,0.4,101.612,130.527,111.322,105.092,114.453,134.633,100.376,95.335,72.933,133.761,122.406,112.074,95.455,86.599,102.611,97.421,102.97,0.344,0.248,0.474,-0.083,3,0,0,0,0,0,0.137,NA,NA,NA,NA,NA,3,0,0.137,0,0.137,0.068,NA,0.063,0.311,0.102,0.028,NA,NA,0.194,0.234,NA,85.023,NA,79.902,94.733,89.508,86.367,NA,NA,93.464,84.664,NA,0.433,NA,3.179,-1.84,0.776,-2.076,NA,NA,-5.37,2.49,NA,1.623,NA,-6.506,8.151,4.06,0.915,NA,NA,3.589,-0.454,NA,5.694,NA,0.394,-4.917,-2.901,-0.801,NA,NA,-0.756,15.795,NA,3.045,NA,0.231,-0.578,-1.04,-1.04,NA,NA,-0.143,2.472,NA,0.276,0.708,0.494,0.489,0.835,0.739,0.506,18.859,440,88.562,20.6,53,0.12,112.287,178,0.405,4.247,162,688,0
"Marcell Ozuna","DH/OF","ATL","ATL",16,10324,"R",542303,2024,33,"33 - 33",2024,2024,162,606,688,183,113,31,0,39,96,104,74,2,170,3,4,0,23,1,0,0.302,167,169,104,9,2877,1135,1742,9,0,0,0.108,0.247,0.435,0.378,0.546,0.925,0.244,0.359,0.988,0.236,0.38,0.384,0.053,0.231,0.054,0,0.411,0.395,46.693,127.174,44.427,NA,20.803,-17.5,2.108,NA,-17.5,39.842,45.253,4.674,5.015,37.389,-4.585,1.73,154.001,-1.284,3.593,-10.617,14.21,35.138,3.587,0.931,NA,0,3.84,0.022,0.463,94.071,0.244,85.224,0.076,88.747,0.093,80.789,0.095,85.54,0.026,86.592,0.003,77.7,0.004,NA,19.485,12.809,1.973,2.161,3.325,-1.724,-0.756,1.465,1.83,0.909,0.812,1.213,-2.269,-7.564,0.296,0.749,0.468,0.549,0.814,0.71,0.38,0.577,0.136,0.138,0.273,209,144,87,61,203,176,441,0.475,0.327,0.198,0.139,0.461,0.4,-0.1,-0.2,122.338,130.527,109.392,120.016,135.227,155.482,121.541,119.457,88.26,103.222,193.319,117.706,92.875,81.012,86.934,87.895,126.733,0.405,0.29,0.584,-3.301,1,0,1,0,0,0,0.09,NA,-0.039,NA,NA,NA,1,1,0.09,-0.039,0.05,0.093,NA,0.089,0.277,0.081,0.026,0.004,0.001,0.182,0.248,NA,85.729,NA,80.413,94.766,89.481,85.345,74.593,80.559,93.604,85.133,NA,0.281,NA,2.516,-1.475,1.2,-4.051,-3.617,-2.777,-5.556,3.414,NA,1.728,NA,-6.224,8.231,3.677,1.634,-2.388,-1.898,3.263,-0.322,NA,3.179,NA,1.71,16.882,3.376,0.734,-0.693,-0.253,-0.772,12.315,NA,1.195,NA,0.665,2.124,1.455,0.992,-5.772,-12.638,-0.148,1.725,NA,0.273,0.692,0.468,0.524,0.792,0.709,0.465,18.717,441,92.158,14.409,68,0.154,114.75,235,0.533,4.247,162,688,1
"Corey Seager","SS","TEX","TEX",13,13624,"L",608369,2024,30,"30 - 30",2024,2024,123,475,533,132,81,21,0,30,68,74,53,11,96,3,2,0,8,1,1,0.278,157,161,63,6,1872,706,1166,6,0,0,0.099,0.18,0.552,0.353,0.512,0.864,0.234,0.291,0.975,0.165,0.412,0.423,0.037,0.186,0.038,0,0.336,0.365,23.373,85.723,24.59,2.988,16.116,3.855,1.652,NA,6.843,19.384,43.995,4.544,5.002,36.35,-5.205,1.573,140.32,-1.199,3.977,-7.474,11.451,34.843,3.609,0.942,1.142,1,2.287,1.934,0.404,94.186,0.222,84.894,0.095,89.882,0.084,80.013,0.14,85.897,0.054,87.059,NA,NA,0.022,NA,6.335,-0.545,7.436,5.106,4.332,-0.323,NA,0.837,-0.131,4.178,3.252,1.653,-0.317,NA,0.317,0.824,0.53,0.584,0.891,0.784,0.421,0.617,0.114,0.092,0.207,166,129,86,33,183,165,381,0.436,0.339,0.226,0.087,0.48,0.433,-0.4,0.3,115.927,122.391,79.801,114.199,129.678,150.975,101.755,84.809,99.349,108.281,164.358,106.754,96.46,93.714,53.447,90.964,139.737,0.394,0.292,0.574,-4.006,0,0,0,0,0,0,NA,NA,NA,NA,NA,NA,0,0,0,0,0,0.154,NA,0.078,0.24,0.103,0.038,NA,NA,0.159,0.228,NA,86.206,NA,79.908,94.872,90.682,86.366,NA,NA,93.535,84.828,NA,-7.372,NA,3.123,-1.995,0.863,-5.833,NA,NA,-1.476,-0.323,NA,2.05,NA,-8.045,8.156,4.006,1.283,NA,NA,3.935,-0.289,NA,3.871,NA,5.121,1.986,4.566,-0.449,NA,NA,2.32,2.474,NA,1.34,NA,3.508,0.442,2.366,-0.624,NA,NA,0.781,0.581,NA,0.269,0.773,0.53,0.475,0.883,0.783,0.519,18.366,381,92.138,13.505,58,0.152,113.252,189,0.496,3.29,162,533,0.081
"Mookie Betts","OF","LAD","LAD",22,13611,"R",605141,2024,31,"31 - 31",2024,2024,116,450,516,130,82,24,5,19,75,75,61,2,57,1,4,0,10,16,2,0.289,107,193,97,17,2048,812,1236,5,0,0,0.118,0.11,1.07,0.372,0.491,0.863,0.202,0.294,0.554,0.244,0.27,0.486,0.088,0.098,0.047,0,0.266,0.371,25.247,85.607,25.331,-1.823,15.602,1.175,1.581,NA,-0.648,25.923,42.458,4.385,4.502,35.079,0.592,6.295,141.052,1.269,2.429,-8.656,11.085,33.013,3.478,0.971,0.948,1,2.599,-0.098,0.53,94.196,0.221,84.863,0.069,89.234,0.065,80.045,0.079,85.765,0.034,86.638,0.003,75.5,0.003,NA,15.202,3.822,3.201,-0.219,-2.146,3.62,0.19,1.402,0.846,2.27,-0.164,-1.325,5.247,3.166,0.229,0.654,0.404,0.686,0.949,0.861,0.41,0.609,0.056,0.2,0.256,139,160,98,56,211,130,397,0.35,0.403,0.247,0.141,0.531,0.327,0.5,0.3,117.035,143.462,48.905,117.998,121.587,128.742,99.389,123.484,62.675,130.648,82.469,86.762,114.372,101.138,88.453,101.254,103.748,0.363,0.288,0.462,-0.677,1,0,0,0,0,0,0.19,NA,NA,NA,NA,NA,1,0,0.19,0,0.19,0.082,NA,0.064,0.343,0.064,0.028,0.003,NA,0.183,0.234,NA,85.686,NA,80.105,94.709,89.821,86.361,75.79,NA,93.45,84.941,NA,1.603,NA,1.362,-1.641,0.857,-2.785,-6.569,NA,-3.092,2.807,NA,1.862,NA,-6.796,7.912,3.475,0.783,-3.619,NA,3.284,-0.162,NA,-3.24,NA,-0.391,6.564,2.109,3.3,0.194,NA,7.682,5.609,NA,-1.929,NA,-0.301,0.935,1.61,5.789,3.238,NA,2.054,1.171,NA,0.212,0.588,0.404,0.638,0.936,0.86,0.51,18.448,397,89.917,21.435,24,0.06,109.38,156,0.393,3.185,162,516,0
"Dansby Swanson","SS","CHC","CHC",17,18314,"R",621020,2024,30,"30 - 30",2024,2024,149,534,593,129,84,27,2,16,82,66,54,2,144,2,3,0,7,19,3,0.242,196,131,66,11,2359,865,1494,19,0,0,0.091,0.243,0.375,0.312,0.39,0.701,0.148,0.3,1.496,0.168,0.499,0.333,0.084,0.122,0.097,0,0.361,0.307,-1.723,67.645,-1.025,12.387,17.931,6.55,1.817,NA,18.937,3.417,42.102,4.348,3.912,34.785,4.442,5.819,98.554,1.496,0.506,-9.494,10,9.692,1.038,0.963,1.442,2,0.179,0.347,0.445,94.108,0.289,84.761,0.083,88.785,0.065,80.208,0.091,85.693,0.027,87.587,NA,NA,0.004,NA,-3.988,-5.407,4.874,2.622,0.496,-0.154,NA,-0.381,-0.794,2.5,1.703,0.231,-0.244,NA,0.282,0.74,0.487,0.577,0.802,0.73,0.449,0.619,0.131,0.147,0.278,181,138,74,59,212,122,393,0.461,0.351,0.188,0.15,0.539,0.31,0.1,0,97.866,110.509,107.506,98.933,96.434,94.184,101.448,84.875,115.975,89.581,102.316,114.128,99.65,77.147,94.14,102.77,98.355,0.324,0.248,0.425,2.947,4,0,0,0,0,0,0.44,NA,NA,NA,NA,NA,4,0,0.44,0,0.44,0.085,0,0.058,0.259,0.089,0.029,NA,NA,0.183,0.298,NA,85.865,70.921,80.154,94.694,89.326,86.945,NA,NA,93.719,84.986,NA,0.315,4.562,2.58,-2.556,1.255,-5.114,NA,NA,-4.278,3.535,NA,1.826,-9.392,-6.877,8.172,3.071,0.189,NA,NA,3.446,-0.128,NA,0.213,0.024,0.269,1.091,2.732,-0.021,NA,NA,-4.804,-2.535,NA,0.107,2.424,0.198,0.179,1.307,-0.03,NA,NA,-1.117,-0.361,NA,0.255,0.684,0.487,0.531,0.794,0.731,0.541,18.766,393,89.368,10.351,36,0.092,109.761,167,0.425,3.66,162,593,0
"Patrick Bailey","C","SFG","SFG",30,27478,"B",672275,2024,25,"25 - 25",2024,2024,121,401,448,94,69,16,1,8,46,46,39,0,100,0,7,1,10,4,0,0.234,119,105,80,5,1790,664,1126,5,5,3,0.087,0.223,0.39,0.298,0.339,0.637,0.105,0.287,1.133,0.263,0.391,0.345,0.048,0.076,0.042,0.6,0.328,0.281,-10.388,42.018,-10.171,29.234,13.546,7.461,1.373,23.7,36.695,-9.671,41.943,4.332,4.25,34.654,0.5,3.844,81.014,-0.052,-1.635,-8.922,7.287,-15.278,-1.52,1.086,2.073,13,-1.38,-0.126,0.461,93.891,0.151,84.825,0.083,89.351,0.097,80.657,0.163,85.442,0.043,86.921,0.002,76,0.002,NA,-4.273,-5.194,1.758,1.704,-3.002,-1.302,0.144,-0.519,-1.924,1.188,0.985,-1.028,-1.714,3.597,0.279,0.726,0.479,0.585,0.883,0.787,0.448,0.618,0.102,0.149,0.251,117,117,75,31,185,93,309,0.379,0.379,0.243,0.1,0.599,0.301,-0.1,0.2,94.966,105.644,98.82,94.355,83.966,66.68,97.025,132.998,91.028,92.822,63.826,93.828,107.453,99.445,62.91,114.06,95.357,0.321,0.259,0.404,0.553,3,0,0,0,0,0,0.091,NA,NA,NA,NA,NA,3,0,0.091,0,0.091,0.166,0.002,0.094,0.347,0.077,0.034,0.002,0.004,0.112,0.162,NA,85.743,40.347,80.862,94.582,89.528,87.399,76.628,80.75,93.438,85.203,NA,-4.004,0.381,4.111,-2.626,0.745,-4.811,-5.757,-3.825,-3.038,1.957,NA,1.8,3.136,-6.581,8.008,3.391,1.199,-0.402,-4.272,2.861,0.245,NA,-3.945,-0.14,0.637,-1.016,-1.67,-1.672,0.147,0.09,-2.844,-3.186,NA,-1.333,-4.678,0.381,-0.164,-1.21,-2.787,3.669,1.283,-1.422,-1.102,NA,0.264,0.671,0.479,0.523,0.878,0.786,0.528,19.482,309,91.277,12.121,17,0.055,110.075,131,0.424,2.765,162,448,0.025
"Jurickson Profar","OF","SDP","SDP",29,10815,"B",595777,2024,31,"31 - 31",2024,2024,158,564,668,158,105,29,0,24,94,85,76,4,101,18,5,5,14,10,3,0.28,196,176,92,14,2742,1068,1674,6,9,4,0.114,0.151,0.752,0.38,0.459,0.839,0.179,0.302,1.114,0.198,0.422,0.379,0.08,0.136,0.031,0.444,0.301,0.365,29.633,107.775,31.323,-3.91,20.198,-7.21,2.047,NA,-11.12,30.553,41.677,4.304,4.364,34.435,-0.77,3.623,139.213,-0.754,5.095,-9.183,14.279,36.801,3.996,0.932,NA,0,2.853,2.612,0.491,93.915,0.169,84.981,0.088,89.266,0.1,79.252,0.116,85.912,0.036,86.235,NA,NA,0.006,NA,2.873,9.4,1.607,1.416,7.068,4.689,NA,0.213,2.03,0.667,0.517,2.23,4.785,NA,0.26,0.707,0.453,0.72,0.905,0.845,0.433,0.6,0.07,0.154,0.225,191,170,112,71,250,152,473,0.404,0.359,0.237,0.15,0.529,0.321,-1.3,-0.8,113.491,138.069,66.937,120.534,113.692,114.007,102.148,100.207,98.229,101.937,114.234,100.064,101.995,97.015,94.126,100.693,101.815,0.364,0.283,0.448,-0.016,2,0,1,0,0,0,0.07,NA,-0.039,NA,NA,NA,2,1,0.07,-0.039,0.031,0.119,0,0.099,0.336,0.094,0.032,NA,0.001,0.147,0.171,NA,85.973,67.887,79.394,94.217,89.859,86.341,NA,79.675,93.284,84.869,NA,-3.633,2.541,3.308,-2.378,0.416,-4.48,NA,-5.028,-3.89,1.752,NA,1.832,-8.121,-7.386,8.028,4.082,1.019,NA,-5.635,2.689,-0.413,NA,5.747,0.021,3.106,4.317,1.975,6.453,NA,-0.203,-0.771,7.08,NA,1.758,2.105,1.142,0.469,0.765,7.417,NA,-10.154,-0.192,1.516,NA,0.224,0.67,0.453,0.685,0.894,0.844,0.514,18.775,473,91.073,13.441,34,0.072,110.265,209,0.442,4.123,162,668,0.051
"Carlos Correa","SS","MIN","MIN",8,14162,"R",621043,2024,29,"29 - 29",2024,2024,86,319,367,99,63,20,2,14,55,54,40,4,61,3,4,0,5,0,0,0.31,114,95,53,10,1375,511,864,13,0,0,0.109,0.166,0.656,0.388,0.517,0.905,0.207,0.343,1.2,0.202,0.435,0.363,0.105,0.147,0.114,0,0.313,0.385,22.191,65.122,23.305,2.884,11.097,3.556,1.137,NA,6.44,22.728,41.402,4.276,4.16,34.207,-0.577,2.818,155.498,-0.805,2.158,-6.026,8.184,30.861,3.23,1.068,4.361,1,2.745,-0.724,0.483,94.497,0.269,84.8,0.065,90.078,0.062,80.6,0.097,85.843,0.023,86.656,NA,NA,0.009,NA,9.611,8.836,0.175,3.936,3.902,-0.116,NA,1.447,2.388,0.194,4.63,2.912,-0.364,NA,0.286,0.678,0.445,0.708,0.881,0.815,0.407,0.619,0.082,0.183,0.265,95,92,75,44,131,87,263,0.363,0.351,0.286,0.168,0.5,0.332,0.1,0.3,129.464,134.152,73.642,125.614,131.113,133.668,120.014,103.753,104.904,92.913,129.987,88.843,100.039,118.848,103.63,94.692,107.145,0.359,0.279,0.462,0.228,0,0,0,0,0,0,NA,NA,NA,NA,NA,NA,0,0,0,0,0,0.099,NA,0.058,0.263,0.077,0.02,NA,NA,0.211,0.271,0.001,85.63,NA,80.688,94.362,91.367,86.581,NA,NA,94.191,84.724,76.89,-0.216,NA,1.282,-0.751,1.639,-4.866,NA,NA,-5.903,3.773,0,2.716,NA,-5.908,8.428,4.013,1.807,NA,NA,3.778,-0.159,0,2.708,NA,2.768,3.47,-0.49,-0.152,NA,NA,5.385,10.129,-0.039,1.991,NA,3.46,0.961,-0.463,-0.564,NA,NA,1.863,2.723,-3.936,0.237,0.655,0.446,0.607,0.886,0.812,0.499,18.856,263,90.273,8.943,24,0.091,113.874,117,0.445,2.265,162,367,0.012
"Kyle Tucker","OF","HOU","HOU",21,18345,"L",663656,2024,27,"27 - 27",2024,2024,78,277,339,80,44,13,0,23,56,49,56,3,54,1,2,0,5,11,0,0.289,63,118,44,9,1352,578,774,3,0,0,0.165,0.159,1.037,0.408,0.585,0.993,0.296,0.282,0.534,0.196,0.28,0.524,0.076,0.195,0.048,0,0.392,0.419,29.66,69.315,31.026,2.46,10.25,-3.913,1.05,NA,-1.453,30.699,40.547,4.188,4.391,33.501,-0.327,4.629,179.987,1.427,2.331,-4.864,7.194,26.373,2.761,0.986,1.888,2,2.961,-0.596,0.505,93.64,0.213,84.16,0.074,89.11,0.074,79.12,0.091,85.862,0.043,86.517,NA,NA,0.01,NA,19.393,5.467,-1.909,2.19,4.959,-0.872,NA,2.848,1.905,-1.909,2.19,4.031,-1.504,NA,0.209,0.696,0.415,0.65,0.894,0.823,0.423,0.543,0.073,0.155,0.228,95,57,73,27,120,78,228,0.422,0.253,0.324,0.12,0.533,0.347,-0.7,0.1,120.479,203.325,70.576,132.012,148.248,191.253,98.807,100.299,67.507,134.385,171.926,103.453,72.173,134.702,74.048,101.005,111.857,0.407,0.286,0.556,-1.753,2,0,1,0,0,0,0.098,NA,-0.039,NA,NA,NA,2,1,0.098,-0.039,0.059,0.094,NA,0.072,0.374,0.087,0.041,NA,NA,0.128,0.205,NA,86.092,NA,79.428,94.107,89.601,86.449,NA,NA,93.162,84.074,NA,-6.543,NA,4.14,-0.69,0.226,-5.828,NA,NA,-2.341,-0.224,NA,2.203,NA,-7.368,8.453,3.631,0.672,NA,NA,3.541,-0.216,NA,4.689,NA,2.234,13.741,0.957,-1.116,NA,NA,5.037,2.437,NA,3.721,NA,2.303,2.732,0.818,-2.03,NA,NA,2.929,0.883,NA,0.161,0.67,0.417,0.574,0.887,0.827,0.502,19.765,228,91.056,21.209,29,0.127,108.123,101,0.443,2.106,161,339,0.103
"Marcus Semien","2B/SS","TEX","TEX",13,12533,"R",543760,2024,33,"33 - 33",2024,2024,159,650,718,154,102,27,2,23,101,74,64,2,105,3,1,0,9,8,3,0.237,216,232,98,32,2627,960,1667,25,0,0,0.089,0.146,0.61,0.308,0.391,0.699,0.154,0.25,0.931,0.179,0.396,0.425,0.138,0.099,0.116,0,0.267,0.306,-2.483,81.507,-0.844,13.331,21.71,2.371,2.225,NA,15.701,0.687,40.323,4.164,3.753,33.316,1.531,4.285,98.972,-0.933,-1.491,-12.78,11.289,2.842,0.35,0.977,NA,0,-0.573,-0.954,0.453,93.923,0.285,84.44,0.088,89.235,0.059,80.39,0.096,84.092,0.02,88.679,NA,NA,0.003,NA,0.591,-4.66,0.141,-0.04,4.633,-0.615,NA,0.05,-0.623,0.061,-0.026,1.846,-1.161,NA,0.303,0.787,0.5,0.642,0.904,0.81,0.407,0.603,0.095,0.135,0.23,275,160,111,92,276,178,546,0.504,0.293,0.203,0.168,0.505,0.326,-0.3,-0.3,98.835,109.713,64.793,99.655,99.054,99.394,87.707,92.058,95.379,108.88,87.445,123.408,83.485,84.404,103.975,95.733,105.191,0.319,0.257,0.404,2.464,1,0,0,0,0,0,0.021,NA,NA,NA,NA,NA,1,0,0.021,0,0.021,0.099,0,0.049,0.284,0.093,0.014,NA,NA,0.165,0.293,0.002,84.522,77.392,79.878,94.381,89.545,86.457,NA,NA,93.724,84.549,92.572,0.511,5.136,2.266,-1.93,1.15,-5.363,NA,NA,-4.913,3.226,0,2.136,-8.65,-7.4,8.312,3.455,1.135,NA,NA,3.678,-0.364,0,3.725,-0.253,1.476,2.57,-1.454,-1.248,NA,NA,-2.275,-5.641,-0.05,1.438,-25.276,1.153,0.344,-0.594,-3.285,NA,NA,-0.525,-0.734,-0.836,0.26,0.743,0.5,0.578,0.89,0.809,0.498,18.262,546,87.394,17.02,36,0.066,112.099,192,0.352,4.432,162,718,0
"Steven Kwan","OF","CLE","CLE",5,24610,"L",680757,2024,26,"26 - 26",2024,2024,122,480,540,140,107,16,3,14,83,44,53,0,51,5,0,2,5,12,5,0.292,153,166,102,9,2167,821,1346,7,10,6,0.098,0.094,1.039,0.368,0.425,0.793,0.133,0.304,0.922,0.242,0.363,0.394,0.054,0.084,0.046,0.6,0.219,0.349,17.068,80.236,19.057,8.687,16.328,-5.849,1.673,NA,2.838,19.243,40.082,4.14,4.178,33.117,0.186,5.103,130.843,-0.927,0.742,-8.73,9.472,16.604,1.768,0.94,2.351,1,1.416,-0.626,0.535,93.737,0.178,83.668,0.077,88.699,0.068,80.599,0.105,85.537,0.035,86.307,0.003,80.429,0.001,NA,12.152,2.09,2.486,2.249,0.695,-1.269,-0.451,1.049,0.543,1.497,1.53,0.306,-1.692,-6.444,0.222,0.597,0.389,0.831,0.972,0.928,0.447,0.587,0.028,0.231,0.259,137,155,139,61,262,108,431,0.318,0.36,0.323,0.142,0.608,0.251,1.8,-0.1,121.672,120.805,41.844,119.156,107.731,86.142,106.313,124.264,87.619,101.036,74.39,77.884,102.456,133.897,87.335,115.125,80.854,0.334,0.286,0.39,1.113,2,0,0,0,0,0,0.07,NA,NA,NA,NA,NA,2,0,0.07,0,0.07,0.116,0,0.061,0.357,0.079,0.023,0.003,0,0.173,0.187,NA,85.867,75.657,80.576,94.123,88.889,85.656,80.285,80.512,93.216,83.686,NA,-7.033,2.463,4.21,-2.622,0.69,-5.86,-4.305,-2.289,0.057,0.156,NA,1.328,-9.693,-7.18,8.204,3.841,1.241,-4.814,-1.128,3.374,-0.525,NA,-0.346,-0.039,1.187,8.919,3.67,-0.077,-0.456,-0.175,2.325,2.216,NA,-0.138,-3.936,0.893,1.154,2.159,-0.153,-6.517,-17.538,0.622,0.547,NA,0.198,0.545,0.389,0.798,0.966,0.928,0.551,17.592,431,86.254,14.929,11,0.026,105.637,102,0.237,3.354,161,540,0.058
"Rafael Devers","3B","BOS","BOS",3,17350,"L",646240,2024,27,"27 - 27",2024,2024,138,525,601,143,76,34,5,28,87,83,67,14,147,3,6,0,13,3,0,0.272,157,141,86,14,2380,879,1501,5,0,0,0.111,0.245,0.456,0.354,0.516,0.871,0.244,0.323,1.113,0.224,0.409,0.367,0.099,0.199,0.032,0,0.403,0.364,26.048,96.352,23.422,-3.682,18.172,1.088,1.862,NA,-2.594,22.533,39.973,4.128,4.074,33.027,-0.889,4.667,134.06,-0.442,1.048,-10.559,11.607,20.36,1.994,0.97,NA,0,2.364,-1.283,0.534,94.1,0.181,84.48,0.089,90.341,0.082,80.541,0.082,86.8,0.031,86.703,0.001,77.667,0.024,NA,11.226,7.016,-1.349,-0.053,2.831,1.511,0.511,0.885,1.635,-0.64,-0.027,1.452,2.042,17.045,0.333,0.757,0.509,0.652,0.76,0.719,0.415,0.597,0.143,0.123,0.266,131,157,96,62,165,157,384,0.341,0.409,0.25,0.161,0.43,0.409,0.2,-0.4,113.627,137.215,108.369,114.746,130.847,157.516,113.113,114.867,98.573,94.089,175.16,83.588,116.479,103.794,99.631,81.376,131.923,0.366,0.274,0.52,-0.447,5,0,0,0,0,0,0.167,NA,NA,NA,NA,NA,5,0,0.167,0,0.167,0.084,NA,0.071,0.373,0.102,0.029,0.001,NA,0.15,0.189,NA,86.841,NA,80.544,94.687,90.989,86.768,77.871,NA,92.872,84.172,NA,-7.032,NA,3.401,-1.07,0.71,-5.929,-4.539,NA,2.355,-0.824,NA,1.74,NA,-7.059,8.202,4.675,0.907,-6.25,NA,3.005,-0.565,NA,0.714,NA,1.74,10.787,-2.005,2.917,0.52,NA,0.771,5.683,NA,0.359,NA,1.036,1.217,-0.825,4.228,17.318,NA,0.216,1.263,NA,0.297,0.72,0.509,0.628,0.754,0.717,0.501,19.144,384,93.186,11.6,50,0.13,114.689,201,0.523,3.71,162,601,0.058
"Alex Bregman","3B","HOU","HOU",21,17678,"R",608324,2024,30,"30 - 30",2024,2024,145,581,634,151,93,30,2,26,79,75,44,1,86,5,4,0,13,3,1,0.26,182,226,91,29,2394,868,1526,13,0,0,0.069,0.136,0.512,0.315,0.453,0.768,0.193,0.264,0.805,0.182,0.365,0.453,0.128,0.115,0.071,0,0.246,0.331,10.474,84.638,13.029,6.302,19.17,1.793,1.964,NA,8.095,10.73,39.96,4.127,4.236,33.015,-2.299,3.402,117.96,-0.918,-0.843,-11.881,11.038,0.825,0.096,0.989,NA,0,1.025,-1.877,0.532,93.969,0.22,84.57,0.069,89.4,0.073,79.56,0.085,84.857,0.021,87.098,NA,NA,0.001,NA,-1.264,6.109,-0.544,0.354,3.225,0.976,NA,-0.099,1.161,-0.33,0.202,1.589,1.914,NA,0.265,0.691,0.449,0.803,0.927,0.886,0.432,0.634,0.051,0.188,0.24,199,172,128,91,259,149,499,0.399,0.345,0.257,0.182,0.519,0.299,0,0.1,108.419,85.421,60.1,102.134,114.745,124.542,92.536,93.534,87.935,116.054,101.475,97.714,98.199,106.498,112.532,98.298,96.347,0.323,0.262,0.428,-1.381,1,0,0,0,0,0,0.09,NA,NA,NA,NA,NA,1,0,0.09,0,0.09,0.084,NA,0.07,0.329,0.066,0.02,NA,NA,0.201,0.23,NA,84.882,NA,79.485,94.354,90.177,86.733,NA,NA,93.609,84.699,NA,2.805,NA,1.841,-1.209,0.526,-5.845,NA,NA,-6.933,2.899,NA,2.332,NA,-6.928,8.42,3.996,0.698,NA,NA,3.307,-0.352,NA,3.138,NA,0.59,-0.513,0.203,1.023,NA,NA,-2.193,4.322,NA,1.561,NA,0.351,-0.065,0.128,2.132,NA,NA,-0.457,0.786,NA,0.231,0.638,0.449,0.766,0.922,0.885,0.537,18.919,499,89.091,18.144,31,0.062,109.084,200,0.401,3.938,161,634,0.021
"Freddie Freeman","1B","LAD","LAD",22,5361,"L",518692,2024,34,"34 - 34",2024,2024,147,542,638,153,94,35,2,22,81,89,78,9,100,10,8,0,13,9,2,0.282,174,174,102,5,2524,970,1554,4,0,0,0.122,0.157,0.78,0.378,0.476,0.854,0.194,0.306,1,0.227,0.387,0.387,0.029,0.126,0.023,0,0.313,0.365,28.334,102.966,28.438,1.843,19.291,-10.891,1.955,NA,-9.048,27.004,39.202,4.049,4.154,32.39,-1.434,4.097,137.275,-0.375,1.667,-10.008,11.675,18.944,1.959,0.969,NA,0,2.486,-0.766,0.493,94.189,0.215,84.376,0.086,89.787,0.075,80.196,0.095,86.259,0.034,88.07,0.002,76.5,0.011,NA,8.092,6.787,0.731,2.587,6.439,1.875,0.928,0.651,1.252,0.337,1.369,2.694,2.18,15.46,0.307,0.765,0.494,0.753,0.86,0.821,0.408,0.597,0.088,0.122,0.211,159,151,140,56,248,146,450,0.353,0.336,0.311,0.124,0.551,0.324,-0.3,-0.2,114.361,148.365,69.391,119.789,117.85,123.333,103.594,114.556,89.916,103.914,105.918,87.557,95.226,127.466,78.035,104.993,102.794,0.37,0.281,0.477,-1.059,2,0,0,0,0,0,0.279,NA,NA,NA,NA,NA,2,0,0.279,0,0.279,0.094,NA,0.076,0.307,0.089,0.033,0.002,NA,0.182,0.214,0.002,86.345,NA,80.256,94.766,90.064,87.543,76.669,NA,93.341,84.355,86.969,-6.06,NA,2.429,-1.696,0.2,-5.163,-3.954,NA,-0.408,0.071,0,1.634,NA,-6.574,7.935,3.865,0.979,-5.409,NA,3.636,-0.027,0,5.778,NA,2.945,8.382,-4.172,2.849,0.923,NA,-1.437,11.237,0.132,2.438,NA,1.542,1.082,-1.854,3.433,15.385,NA,-0.312,2.081,3.308,0.262,0.728,0.494,0.706,0.862,0.821,0.499,18.8,450,89.41,14.344,41,0.091,112.337,187,0.416,3.938,162,638,0
"Corbin Carroll","OF","ARI","ARI",15,25878,"L",682998,2024,23,"23 - 23",2024,2024,158,589,684,136,78,22,14,22,121,74,73,0,130,10,9,3,3,35,8,0.231,206,183,78,37,2649,1040,1609,15,4,1,0.107,0.19,0.562,0.322,0.428,0.749,0.197,0.256,1.126,0.167,0.441,0.392,0.202,0.12,0.073,0.25,0.329,0.325,8.082,88.095,5.468,1.912,20.682,-2.166,2.096,NA,-0.254,16.578,39.102,4.038,3.577,32.307,11.11,8.674,106.685,2.489,3.235,-10.512,13.746,17.476,1.688,0.944,1.681,6,1.264,2.162,0.522,94.016,0.188,84.693,0.08,89.981,0.081,80.402,0.093,86.199,0.028,86.827,0.008,77.75,0,NA,4.95,-2.186,5.102,-0.181,6.584,1.587,-0.403,0.358,-0.438,2.418,-0.085,2.676,2.116,-2.014,0.277,0.613,0.409,0.719,0.884,0.816,0.393,0.564,0.075,0.194,0.269,191,159,121,96,219,156,471,0.406,0.338,0.257,0.204,0.465,0.331,0.1,0.7,93.542,129.516,84.142,101.981,105.924,125.382,86.512,84.413,102.577,105.31,100.709,100.489,95.8,105.255,127.81,88.582,104.938,0.329,0.247,0.403,8.621,1,0,0,0,3,0,0.048,NA,NA,NA,0.474,NA,1,0,0.522,0,0.522,0.097,NA,0.076,0.364,0.084,0.022,0.008,0,0.152,0.194,0.003,86.29,NA,80.316,94.387,90.491,86.31,77.683,79.728,93.333,84.629,84.129,-5.146,NA,2.705,-2.253,0.721,-5.321,-3.263,-3.695,1.203,0.192,0,1.907,NA,-6.766,8.145,4.027,0.976,-3.072,-3.255,3.071,-0.236,0,6.866,NA,-0.632,-3.079,4.294,1.056,-0.406,0.038,5.574,-1.452,-0.05,2.672,NA,-0.314,-0.32,1.934,1.789,-2.029,3.808,1.383,-0.282,-0.627,0.248,0.586,0.409,0.649,0.892,0.815,0.477,18.093,471,89.313,11.74,34,0.072,111.519,191,0.406,4.222,162,684,0
"Riley Greene","OF","DET","DET",6,25976,"L",682985,2024,23,"23 - 23",2024,2024,137,512,584,134,77,27,6,24,82,74,64,3,156,5,2,0,2,4,2,0.262,156,124,78,5,2416,935,1481,6,0,0,0.11,0.267,0.41,0.348,0.479,0.827,0.217,0.329,1.258,0.218,0.436,0.346,0.04,0.194,0.038,0,0.418,0.355,21.254,89.569,23.371,2.863,17.658,-6.75,1.81,NA,-3.887,23.215,38.796,4.007,4.33,32.054,-0.155,4.895,134.974,-1.139,2.286,-9.145,11.431,24.354,2.592,0.968,2.709,2,2.069,0.292,0.445,93.638,0.177,84.171,0.095,89.317,0.089,79.671,0.156,85.676,0.037,87.556,NA,NA,0.008,NA,12.916,2.065,8.617,-2.089,3.696,0.986,NA,1.206,0.484,3.763,-0.981,0.983,1.095,NA,0.264,0.683,0.441,0.605,0.832,0.754,0.424,0.603,0.11,0.171,0.281,142,130,86,31,207,120,359,0.397,0.363,0.24,0.087,0.578,0.335,1,0.4,109.179,134.887,118.351,112.735,121.297,140.064,115.321,111.748,105.059,88.755,170.721,97.187,103.453,99.735,53.433,109.505,108.156,0.357,0.258,0.49,0.983,1,0,0,0,0,0,0.035,NA,NA,NA,NA,NA,1,0,0.035,0,0.035,0.171,NA,0.084,0.292,0.093,0.021,NA,0,0.148,0.191,NA,86.029,NA,79.563,94.088,90.153,86.491,NA,80.868,93.012,84.256,NA,-7.404,NA,4.858,-2.364,0.692,-6.159,NA,-4.061,0.227,-0.022,NA,2.177,NA,-7.677,8.253,4.087,-0.083,NA,-3.692,3.562,-0.397,NA,5.757,NA,-1.006,8.552,8.272,-0.23,NA,0.038,2.814,0.073,NA,1.397,NA,-0.501,1.22,3.709,-0.46,NA,3.808,0.79,0.016,NA,0.239,0.639,0.442,0.549,0.83,0.755,0.506,17.823,359,91.286,12.191,48,0.134,114.028,166,0.462,3.605,162,584,0.212
"Colton Cowser","OF","BAL","BAL",2,29591,"L",681297,2024,24,"24 - 24",2024,2024,153,499,561,121,70,24,3,24,77,69,52,2,172,7,3,0,9,9,4,0.242,143,129,57,2,2313,848,1465,9,1,0,0.093,0.307,0.302,0.321,0.447,0.768,0.204,0.317,1.109,0.173,0.435,0.392,0.016,0.186,0.063,0,0.442,0.331,9.608,75.232,12.561,10.485,16.963,-4.117,1.738,NA,6.368,13.679,38.749,4.002,3.442,32.015,1.118,5.034,119.569,-0.822,-2.514,-10.732,8.218,-8.071,-0.895,0.931,1.458,12,0.509,-3.209,0.453,94.131,0.18,84.041,0.073,89.627,0.098,79.537,0.15,86.939,0.047,85.62,NA,NA,0.004,NA,2.956,1.673,5.137,4.965,-6.32,-2.386,NA,0.283,0.403,3.039,2.187,-1.827,-2.209,NA,0.276,0.663,0.443,0.5,0.829,0.712,0.43,0.581,0.128,0.188,0.316,132,116,82,35,174,121,330,0.4,0.352,0.248,0.106,0.527,0.367,0.2,-0.2,101.155,114.089,135.84,103.882,113.281,132.061,110.998,88.86,104.792,100.472,164.103,98.008,100.144,103.165,65.447,99.857,118.311,0.331,0.234,0.449,1.94,2,0,0,0,0,0,0.059,NA,NA,NA,NA,NA,2,0,0.059,0,0.059,0.153,0,0.097,0.314,0.077,0.043,NA,NA,0.131,0.184,NA,86.943,77.806,79.388,94.421,90.481,85.36,NA,NA,93.488,84.147,NA,-7.958,5.578,3.921,-2.235,0.674,-5.806,NA,NA,-2.699,-0.102,NA,1.484,-10.239,-8.045,8.336,4.327,0.754,NA,NA,2.635,-0.452,NA,-5.9,-0.039,4.483,3.845,4.624,-3.073,NA,NA,-0.616,2.264,NA,-1.667,-3.936,1.992,0.53,2.598,-3.073,NA,NA,-0.203,0.533,NA,0.252,0.621,0.442,0.413,0.826,0.712,0.517,18.233,330,90.485,12.975,45,0.136,113.593,149,0.452,3.463,162,561,0.006
"Jazz Chisholm Jr.","2B/OF","- - -","2 Tms",0,20454,"L",665862,2024,26,"26 - 26",2024,2024,147,562,621,144,95,21,4,24,74,73,53,5,152,4,2,0,6,40,10,0.256,198,142,65,12,2499,930,1569,15,7,4,0.085,0.245,0.349,0.324,0.436,0.76,0.18,0.309,1.394,0.16,0.489,0.351,0.085,0.169,0.076,0.571,0.369,0.327,8.51,81.153,6.789,3.26,18.777,1.714,1.909,NA,4.974,12.95,38.61,3.988,3.521,31.901,6.161,6.272,109.568,2.79,0.313,-11.371,11.684,3.187,0.381,1.064,1.957,1,0.693,-0.399,0.451,93.646,0.22,84.302,0.085,89.592,0.079,79.832,0.111,85.891,0.053,87.275,0.002,80,0.01,NA,7.886,0.576,2.475,-2.585,5.532,-0.329,-0.563,0.702,0.105,1.162,-1.319,2.005,-0.251,-11.263,0.316,0.678,0.467,0.623,0.799,0.73,0.418,0.596,0.126,0.153,0.279,183,155,74,58,214,140,412,0.444,0.376,0.18,0.141,0.519,0.34,0.8,0.5,104.831,103.962,108.387,103.306,108.854,115.084,105.794,81.52,115.039,92.806,145.02,109.635,106.893,73.855,87.961,98.777,108.426,0.318,0.242,0.423,3.371,4,0,0,0,0,0,0.143,NA,NA,NA,NA,NA,4,0,0.143,0,0.143,0.117,NA,0.075,0.301,0.086,0.045,0.002,NA,0.146,0.229,NA,85.914,NA,79.786,94.037,89.904,87.229,80.094,NA,93.222,84.421,NA,-5.971,NA,3.049,-2.137,0.339,-5.584,-4.454,NA,2.15,0.083,NA,1.7,NA,-7.294,8.135,4.025,0.419,-4.473,NA,2.893,-0.347,NA,5.493,NA,-1.311,2.707,2.684,-0.958,-0.558,NA,4.647,-1.848,NA,1.881,NA,-0.701,0.36,1.254,-0.863,-11.163,NA,1.28,-0.324,NA,0.29,0.643,0.466,0.564,0.804,0.729,0.499,18.086,412,89.748,11.391,40,0.097,110.11,168,0.408,3.833,162,621,0.027
"Jose Altuve","2B","HOU","HOU",21,5417,"R",514888,2024,34,"34 - 34",2024,2024,153,628,682,185,134,31,0,20,94,65,47,2,119,7,0,0,15,22,7,0.295,208,166,122,13,2456,832,1624,18,13,9,0.069,0.174,0.395,0.35,0.439,0.79,0.145,0.337,1.253,0.246,0.419,0.335,0.078,0.12,0.087,0.692,0.273,0.344,18.695,98.474,21.444,-7.03,20.622,1.624,2.113,NA,-5.406,20.72,38.048,3.93,3.902,31.436,-0.724,4.424,127.48,0.097,1.969,-10.914,12.883,15.835,1.652,0.937,2.176,2,1.693,0.408,0.448,93.801,0.25,84.943,0.076,89.439,0.081,79.869,0.105,85.186,0.04,87,NA,NA,0.003,NA,8.142,9.639,-0.024,-1.227,1.564,-0.447,NA,0.741,1.572,-0.013,-0.619,0.606,-0.452,NA,0.396,0.697,0.51,0.701,0.886,0.796,0.378,0.645,0.104,0.147,0.25,283,154,72,82,282,145,509,0.556,0.303,0.141,0.161,0.554,0.285,-1.4,-0.3,122.89,84.823,77.308,113.461,111.405,93.617,118.151,126.155,101.105,85.759,106.272,136.23,86.195,58.728,99.41,104.924,91.919,0.318,0.264,0.406,-0.821,2,0,0,0,1,0,0.07,NA,NA,NA,0.158,NA,2,0,0.228,0,0.228,0.107,NA,0.075,0.258,0.068,0.035,NA,NA,0.189,0.268,NA,85.196,NA,79.78,94.059,90.077,86.395,NA,NA,93.823,85.08,NA,-0.386,NA,2.211,-1.085,0.483,-5.521,NA,NA,-7.269,2.893,NA,2.565,NA,-7.137,8.629,4.132,0.713,NA,NA,3.695,-0.018,NA,0.975,NA,-1.151,6.996,-3.534,-0.52,NA,NA,1.416,10.058,NA,0.371,NA,-0.625,1.105,-2.129,-0.598,NA,NA,0.306,1.531,NA,0.372,0.665,0.509,0.669,0.877,0.796,0.468,19.162,509,86.486,14.133,33,0.065,108.45,158,0.31,4.236,161,682,0.033
"Nico Hoerner","2B/SS","CHC","CHC",17,21479,"R",663538,2024,27,"27 - 27",2024,2024,151,582,641,159,116,35,1,7,86,48,44,1,66,12,3,0,8,31,6,0.273,230,164,125,21,2316,755,1561,25,0,0,0.069,0.103,0.667,0.335,0.373,0.708,0.1,0.297,1.402,0.241,0.443,0.316,0.128,0.043,0.109,0,0.183,0.313,1.517,76.5,2.271,6.862,19.382,2.492,1.964,NA,9.354,7.266,37.966,3.921,3.541,31.368,4.995,5.707,102.963,2.42,1.32,-10.151,11.471,5.948,0.581,0.983,NA,0,0.058,1.284,0.522,94.053,0.248,84.649,0.07,88.828,0.069,80.164,0.066,85.5,0.024,87.982,NA,NA,0.002,NA,2.189,-1.044,2.606,-3.051,2.876,3.327,NA,0.181,-0.182,1.599,-1.919,1.892,5.941,NA,0.352,0.653,0.481,0.812,0.951,0.893,0.431,0.651,0.051,0.19,0.242,177,191,151,104,309,106,519,0.341,0.368,0.291,0.2,0.595,0.204,0.7,-0.1,110.677,83.302,45.584,106.366,92.309,63.445,100.48,121.723,103.053,84.921,35.756,84.51,104.437,119.204,125.655,113.426,64.709,0.314,0.283,0.357,2.575,1,0,1,0,1,0,0.035,NA,-0.039,NA,0.158,NA,1,1,0.193,-0.039,0.154,0.063,NA,0.064,0.292,0.076,0.023,NA,NA,0.225,0.256,NA,85.653,NA,80.186,94.557,89.777,87.381,NA,NA,93.849,84.884,NA,-0.057,NA,2.541,-2.166,0.937,-5.006,NA,NA,-5.361,3.324,NA,2.119,NA,-7.078,8.301,3.635,0.912,NA,NA,3.467,-0.054,NA,1.951,NA,-1.551,-2.809,0.121,2.849,NA,NA,5.204,-3.363,NA,1.336,NA,-1.041,-0.416,0.068,5.275,NA,NA,0.999,-0.568,NA,0.314,0.63,0.481,0.78,0.94,0.891,0.53,17.757,519,85.727,10.353,6,0.012,110.106,142,0.274,3.957,162,641,0
"Jackson Chourio","OF","MIL","MIL",23,28806,"R",694192,2024,20,"20 - 20",2024,2024,148,528,573,145,91,29,4,21,80,79,39,4,121,3,2,1,7,22,7,0.275,196,128,82,6,2106,708,1398,24,4,0,0.068,0.211,0.322,0.327,0.464,0.791,0.189,0.32,1.531,0.202,0.483,0.315,0.047,0.164,0.122,0,0.316,0.339,13.084,80.113,11.759,9.523,17.326,-6.425,1.756,NA,3.098,15.714,37.893,3.914,3.757,31.308,3.955,6.058,117.162,0.547,2.54,-9.603,12.143,22.27,2.293,0.974,1.404,6,1.483,1.126,0.511,93.462,0.238,84.856,0.074,89.226,0.078,79.768,0.082,83.763,0.017,85.6,NA,NA,0.011,NA,0.324,6.469,0.702,3.204,3.549,-0.145,NA,0.03,1.296,0.453,1.953,2.052,-0.413,NA,0.34,0.681,0.488,0.599,0.862,0.758,0.434,0.647,0.118,0.176,0.293,149,167,94,64,199,147,410,0.363,0.407,0.229,0.156,0.485,0.359,0.7,0.4,111.255,82.598,93.488,103.673,114.879,120.575,108.167,102.074,112.261,84.727,137.438,90.055,115.591,93.934,97.884,92.468,113.596,0.33,0.278,0.438,3.408,2,0,1,0,0,0,0.059,NA,-0.039,NA,NA,NA,2,1,0.059,-0.039,0.02,0.085,NA,0.074,0.281,0.085,0.014,0.001,NA,0.214,0.246,NA,83.784,NA,79.505,94.032,89.966,85.852,54.137,NA,92.957,84.851,NA,2.85,NA,2.898,-1.201,0.928,-2.348,-6.472,NA,-4.029,2.772,NA,1.388,NA,-7.276,8.131,4.107,1.058,2.857,NA,3.641,-0.145,NA,3.606,NA,3.876,-0.223,3.461,-0.154,-0.175,NA,-0.229,3.558,NA,2.014,NA,2.501,-0.038,1.934,-0.53,-8.769,NA,-0.051,0.689,NA,0.316,0.652,0.489,0.526,0.862,0.756,0.513,17.946,410,89.677,7.562,32,0.078,111.637,183,0.446,3.537,162,573,0.013
"Trea Turner","SS","PHI","PHI",26,16252,"R",607208,2024,31,"31 - 31",2024,2024,121,505,539,149,103,25,0,21,88,62,27,0,98,6,1,0,10,19,4,0.295,193,149,66,11,2044,691,1353,21,0,0,0.05,0.182,0.276,0.338,0.469,0.807,0.174,0.331,1.295,0.162,0.473,0.365,0.074,0.141,0.109,0,0.271,0.349,16.87,79.921,15.484,-3.114,16.298,4.916,1.652,NA,1.802,18.122,37.873,3.911,3.5,31.292,2.638,5.283,124.023,1.107,1.56,-8.397,9.957,13.879,1.461,0.925,NA,0,2.383,-0.695,0.429,93.935,0.281,85.237,0.075,88.87,0.084,80.24,0.104,84.779,0.026,86.444,NA,NA,0,NA,6.015,2.642,7.572,-0.247,1.188,0.898,NA,0.687,0.46,4.917,-0.144,0.558,1.663,NA,0.383,0.764,0.537,0.563,0.896,0.755,0.406,0.666,0.132,0.125,0.256,188,130,90,55,215,138,408,0.461,0.319,0.221,0.135,0.527,0.338,1,-0.1,119.531,60.79,80.494,107.079,116.189,110.938,111.945,81.755,110.001,98.144,118.067,114.183,90.422,90.378,84.531,100.392,107.164,0.322,0.269,0.43,1.532,1,0,0,0,1,0,0.021,NA,NA,NA,0.158,NA,1,0,0.179,0,0.179,0.101,NA,0.077,0.274,0.073,0.025,NA,NA,0.154,0.295,NA,84.625,NA,80.078,94.513,89.395,86.045,NA,NA,93.208,85.204,NA,4.89,NA,1.405,-1.559,0.622,-0.628,NA,NA,-3.192,3.135,NA,2.161,NA,-6.549,8.186,3.929,2.032,NA,NA,3.649,-0.182,NA,1.287,NA,-1.644,-1.995,8.521,1.718,NA,NA,6.481,1.259,NA,0.622,NA,-1.04,-0.357,5.719,3.304,NA,NA,2.057,0.209,NA,0.343,0.733,0.538,0.473,0.888,0.755,0.499,18.503,408,89.096,11.644,28,0.069,110.582,164,0.402,3.327,162,539,0.025
"Julio Rodríguez","OF","SEA","SEA",11,23697,"R",677594,2024,23,"23 - 23",2024,2024,143,567,613,155,118,17,0,20,76,68,38,1,156,6,2,0,10,24,5,0.273,183,145,85,12,2386,818,1568,20,0,0,0.062,0.254,0.244,0.325,0.409,0.734,0.136,0.344,1.262,0.206,0.443,0.351,0.083,0.138,0.109,0,0.349,0.321,5.118,76.826,10.98,2.77,18.535,0.863,1.899,NA,3.633,12.946,37.013,3.823,3.742,30.581,1.966,4.681,115.654,1.504,1.862,-10.477,12.339,11.739,1.171,1.016,3.46,1,0.991,0.842,0.456,94.266,0.266,84.453,0.081,89.407,0.07,80.518,0.104,85,0.022,87.192,NA,NA,0.002,NA,13.086,0.965,0.343,1.61,-5.592,-0.445,NA,1.204,0.152,0.177,0.959,-2.246,-0.856,NA,0.405,0.763,0.543,0.586,0.822,0.714,0.385,0.62,0.155,0.114,0.269,147,151,115,59,203,151,413,0.356,0.366,0.278,0.143,0.492,0.366,-1.1,0.3,114.039,76.3,112.752,105.105,103.719,87.737,120.283,105.559,106.829,89.964,121.663,87.211,104.162,115.606,88.153,93.087,117.972,0.346,0.279,0.472,0.462,0,0,1,0,0,0,NA,NA,-0.039,NA,NA,NA,0,1,0,-0.039,-0.039,0.107,NA,0.066,0.281,0.08,0.018,NA,NA,0.169,0.278,0.002,85.204,NA,80.587,94.581,89.605,86.12,NA,NA,94.198,84.648,89.036,0.524,NA,3.254,-1.501,0.353,-4.688,NA,NA,-5.76,3.344,0,2.259,NA,-7.521,8.521,3.817,0.478,NA,NA,3.641,-0.153,0,-6.751,NA,1.201,8.076,0.214,0.247,NA,NA,2.655,-0.466,-0.253,-2.637,NA,0.765,1.204,0.113,0.589,NA,NA,0.66,-0.07,-6.319,0.356,0.744,0.543,0.523,0.81,0.712,0.481,18.571,413,91.654,10.538,42,0.102,114.548,199,0.482,3.784,162,613,0.071
"Eugenio Suárez","3B","ARI","ARI",15,12552,"R",553993,2024,32,"32 - 32",2024,2024,158,571,640,146,86,28,2,30,90,101,49,0,176,9,11,0,10,2,1,0.256,133,177,96,18,2543,920,1623,5,0,0,0.077,0.275,0.278,0.319,0.469,0.788,0.214,0.309,0.751,0.236,0.328,0.436,0.102,0.169,0.038,0,0.398,0.337,13.968,88.834,11.522,3.131,19.352,2.011,1.961,NA,5.142,10.39,36.845,3.805,4.02,30.442,-1.132,3.414,115.055,-1.142,-0.349,-11.151,10.802,6.443,0.698,0.932,NA,0,0.286,-0.661,0.528,94.069,0.251,84.854,0.052,88.617,0.065,80.552,0.076,85.211,0.022,86.789,0.005,76.615,0,NA,9.474,-3.082,4.408,2.458,0.904,-0.567,-0.096,0.705,-0.484,3.314,1.49,0.466,-0.996,-0.735,0.305,0.69,0.472,0.507,0.856,0.728,0.435,0.652,0.128,0.166,0.295,210,104,92,60,198,148,406,0.517,0.256,0.227,0.148,0.488,0.365,0.5,0.8,103.586,92.913,121.747,101.082,116.2,136.024,104.418,119.502,76.177,117.161,141.986,128.173,72.694,92.841,92.67,92.91,115.495,0.332,0.249,0.456,0.01,1,0,0,0,0,0,0.035,NA,NA,NA,NA,NA,1,0,0.035,0,0.035,0.082,NA,0.056,0.336,0.061,0.015,0.005,NA,0.187,0.257,NA,85.348,NA,80.318,94.242,89.434,86.126,76.38,NA,93.932,84.71,NA,2.089,NA,0.561,-0.969,0.708,-2.798,-4.708,NA,-4.262,2.49,NA,1.545,NA,-6.627,8.074,3.312,0.26,-2.474,NA,3.631,-0.466,NA,0.187,NA,2.342,7.249,2.284,0.419,-0.095,NA,2.001,-2.645,NA,0.09,NA,1.638,0.849,1.464,1.103,-0.728,NA,0.421,-0.404,NA,0.257,0.665,0.471,0.412,0.839,0.728,0.525,18.12,406,89.167,19.338,46,0.113,111.422,172,0.424,3.951,162,640,0.019
"Ezequiel Tovar","SS","COL","COL",19,24064,"R",678662,2024,22,"22 - 22",2024,2024,157,655,695,176,101,45,4,26,83,78,23,1,200,4,7,5,16,6,5,0.269,151,211,98,22,2529,712,1817,15,7,1,0.033,0.288,0.115,0.295,0.469,0.763,0.2,0.344,0.716,0.213,0.328,0.459,0.104,0.123,0.099,0.143,0.358,0.324,7.96,89.26,-4.229,9.5,21.015,7.076,2.129,NA,16.577,-4.165,35.556,3.672,3.743,29.377,0.064,4.227,94.912,-1.827,0.113,-12.727,12.84,-9.452,-0.81,0.97,NA,0,-0.564,0.681,0.472,93.962,0.268,84.372,0.087,88.864,0.074,79.701,0.074,85.385,0.019,85.854,0.006,75.643,0.002,NA,-10.051,8.278,-5.665,4.657,6.682,-1.604,-0.136,-0.842,1.221,-2.563,2.49,3.573,-3.341,-0.97,0.481,0.826,0.619,0.524,0.835,0.69,0.401,0.679,0.192,0.095,0.287,181,165,121,61,237,169,468,0.388,0.353,0.259,0.131,0.507,0.362,-0.2,-0.1,108.857,40.161,127.4,93.433,116.04,127.327,116.442,107.671,76.334,123.271,103.225,96.043,100.267,106.157,81.908,96.684,114.656,0.289,0.235,0.406,1.891,1,0,0,0,0,0,0.035,NA,NA,NA,NA,NA,1,0,0.035,0,0.035,0.077,NA,0.067,0.316,0.081,0.015,0.006,NA,0.157,0.282,NA,85.527,NA,79.56,94.522,89.271,85.898,75.843,NA,93.198,84.424,NA,1.51,NA,0.539,-1.217,0.392,-1.946,-1.72,NA,-2.981,2.381,NA,1.916,NA,-5.709,7.613,3.381,1.316,-2.184,NA,3.166,-0.36,NA,6.791,NA,3.28,-9.62,-3.437,-1.113,-0.134,NA,-2.26,8.292,NA,3.501,NA,1.929,-1.204,-1.669,-3.009,-0.954,NA,-0.571,1.165,NA,0.44,0.811,0.62,0.483,0.807,0.689,0.485,18.395,468,88.768,18.897,42,0.09,110.605,186,0.397,4.29,162,695,0
"Brenton Doyle","OF","COL","COL",19,25479,"R",686668,2024,26,"26 - 26",2024,2024,149,542,603,141,90,24,4,23,82,72,46,1,153,3,8,4,13,30,5,0.26,162,154,79,11,2158,758,1400,11,6,0,0.076,0.254,0.301,0.317,0.446,0.764,0.186,0.316,1.052,0.2,0.41,0.39,0.071,0.149,0.068,0,0.368,0.328,8.64,79.178,-1.936,10.245,18.233,1.807,1.848,NA,12.052,3.419,35.551,3.672,3.305,29.373,5.354,6.862,97.315,2.886,-0.158,-10.617,10.46,2.624,0.175,0.973,2.303,2,-0.284,0.122,0.488,93.807,0.24,84.412,0.088,88.7,0.095,79.732,0.068,85.568,0.017,86.73,0.004,77.25,0.002,NA,-2.135,2.541,3.442,-2.039,3.513,-0.013,-0.175,-0.203,0.491,1.812,-0.995,2.406,-0.035,-1.939,0.337,0.77,0.51,0.51,0.87,0.728,0.399,0.643,0.139,0.135,0.274,156,146,99,55,199,147,401,0.389,0.364,0.247,0.137,0.496,0.367,0.8,-0.2,105.391,92.576,112.331,100.589,110.541,118.635,106.786,101.079,95.371,104.776,125.113,96.402,103.323,101.151,86.007,94.543,116.145,0.333,0.259,0.448,2.469,0,0,0,0,0,0,NA,NA,NA,NA,NA,NA,0,0,0,0,0,0.07,NA,0.082,0.293,0.089,0.016,0.004,NA,0.19,0.255,NA,85.716,NA,79.554,94.375,88.998,86.425,76.786,NA,93.363,84.262,NA,2.358,NA,1.401,-0.91,0.578,-2.959,-4.815,NA,-4.851,3.029,NA,2.069,NA,-6.373,7.686,3.158,2.131,-2.569,NA,3.206,-0.316,NA,3.171,NA,-2.848,-5.417,2.177,0.063,-0.176,NA,5.51,1.876,NA,2.1,NA,-1.6,-0.857,1.128,0.186,-1.954,NA,1.341,0.341,NA,0.299,0.717,0.51,0.4,0.864,0.729,0.503,17.782,401,89.14,13.09,42,0.105,110.058,164,0.409,3.722,162,603,0.02
"Byron Buxton","OF","MIN","MIN",8,14161,"R",621439,2024,30,"30 - 30",2024,2024,102,355,388,99,51,27,3,18,62,56,20,1,99,11,2,0,3,7,2,0.279,76,120,62,18,1459,497,962,13,0,0,0.052,0.255,0.202,0.335,0.524,0.859,0.245,0.338,0.633,0.24,0.295,0.465,0.15,0.15,0.171,0,0.353,0.366,17.33,62.718,18.508,0.548,11.732,0.775,1.202,NA,1.323,21.279,35.536,3.67,3.315,29.361,2.771,6.174,141.689,-0.049,1.759,-6.284,8.043,16.431,1.717,0.984,0.764,3,1.087,0.7,0.455,94.431,0.237,84.934,0.067,89.299,0.084,80.082,0.129,84.676,0.029,85.833,NA,NA,0.002,NA,11.955,4.343,0.57,0.994,-1.968,0.493,NA,1.803,1.255,0.588,0.815,-1.047,1.173,NA,0.368,0.778,0.54,0.524,0.805,0.694,0.42,0.662,0.165,0.119,0.284,127,85,46,42,120,96,258,0.492,0.329,0.178,0.163,0.465,0.372,1.3,0.2,116.335,63.445,113.049,108.478,132.812,158.331,118.178,123.253,71.02,119.183,132.308,120.611,93.86,74.024,100.453,88.086,120.062,0.358,0.269,0.516,2.821,1,0,0,0,0,0,0.021,NA,NA,NA,NA,NA,1,0,0.021,0,0.021,0.136,NA,0.088,0.302,0.054,0.023,NA,NA,0.15,0.248,NA,84.651,NA,80.182,94.533,89.863,86.045,NA,NA,94.117,85.157,NA,-0.451,NA,2.262,-0.769,1.402,-5.226,NA,NA,-6.259,2.957,NA,2.416,NA,-7.055,8.353,3.864,1.368,NA,NA,3.774,0.106,NA,-0.554,NA,1.023,11.555,-0.797,-0.587,NA,NA,0.453,5.059,NA,-0.28,NA,0.799,2.626,-1.022,-1.777,NA,NA,0.208,1.401,NA,0.325,0.75,0.541,0.438,0.802,0.694,0.508,19.141,258,91.728,19.799,34,0.132,113.241,124,0.481,2.395,162,388,0.051
"Ian Happ","OF","CHC","CHC",17,17919,"B",664023,2024,29,"29 - 29",2024,2024,153,569,657,138,77,34,2,25,89,86,80,1,168,6,2,0,7,13,2,0.243,157,168,77,12,2724,1048,1676,13,1,1,0.122,0.256,0.476,0.341,0.441,0.782,0.199,0.299,0.935,0.192,0.391,0.418,0.071,0.149,0.083,1,0.416,0.341,16.322,93.176,17.095,1.897,19.866,-7.286,2.013,NA,-5.388,18.358,34.849,3.599,3.826,28.793,1.264,4.894,121.759,0.511,1.968,-11.074,13.042,17.925,1.864,1.014,2.872,1,0.424,1.517,0.479,94.152,0.156,84.405,0.074,89.564,0.072,79.403,0.165,85.772,0.054,87.253,NA,NA,0.003,NA,17.298,0.402,5.344,-0.977,-6.054,-0.465,NA,1.327,0.095,2.646,-0.499,-1.351,-0.319,NA,0.271,0.7,0.458,0.602,0.817,0.745,0.436,0.612,0.117,0.157,0.273,161,133,109,62,189,152,403,0.4,0.33,0.27,0.154,0.469,0.377,0.8,0.1,98.254,147.769,113.206,108.12,109.212,126.432,101.18,96.804,90.818,112.31,124.66,98.998,93.656,110.816,96.472,89.347,119.5,0.349,0.247,0.458,0.752,3,0,0,0,0,0,0.108,NA,NA,NA,NA,NA,3,0,0.108,0,0.108,0.165,0.001,0.07,0.348,0.08,0.047,NA,NA,0.13,0.159,NA,86.13,80.605,79.462,94.703,90.018,86.134,NA,NA,93.509,84.613,NA,-3.031,7.512,3.286,-2.445,0.718,-4.887,NA,NA,-2.764,2.643,NA,2.001,-9.431,-7.696,8.046,4.174,0.879,NA,NA,2.891,-0.406,NA,-5.605,-0.034,-0.132,5.178,6.848,-0.305,NA,NA,10.654,-1.541,NA,-1.251,-1.686,-0.069,0.547,3.142,-0.237,NA,NA,3.01,-0.356,NA,0.246,0.648,0.458,0.524,0.815,0.742,0.528,18.708,403,90.806,15.134,47,0.117,113.971,181,0.449,4.056,162,657,0.053
"Masyn Winn","SS","STL","STL",28,27479,"R",691026,2024,22,"22 - 22",2024,2024,150,587,637,157,105,32,5,15,85,57,41,1,109,1,5,3,1,11,5,0.267,194,179,105,20,2559,875,1684,19,8,5,0.064,0.171,0.376,0.314,0.416,0.73,0.148,0.303,1.084,0.22,0.406,0.374,0.112,0.084,0.098,0.625,0.259,0.315,2.72,77.235,2.648,2.066,19.261,6.504,1.952,NA,8.57,4.868,34.651,3.579,3.392,28.629,2.22,5.475,103.476,-0.977,-0.169,-11.48,11.311,-4.691,-0.519,1.019,1.017,4,-0.15,-0.016,0.515,93.742,0.232,84.506,0.074,88.8,0.077,79.765,0.072,84.27,0.029,86.625,0.002,79,0.002,NA,8.806,1.948,-1.835,0.818,0.366,-1.482,-0.447,0.669,0.329,-0.966,0.417,0.198,-2.031,-11.184,0.33,0.642,0.466,0.715,0.91,0.832,0.434,0.62,0.078,0.189,0.267,172,176,138,94,264,128,486,0.354,0.362,0.284,0.193,0.543,0.263,0.2,0.4,108.354,78.109,75.755,99.537,102.911,94.357,102.695,111.017,94.379,100.638,70.2,87.699,102.77,116.338,121.285,103.488,83.445,0.296,0.259,0.366,3.198,1,0,0,0,0,0,0.267,NA,NA,NA,NA,NA,1,0,0.267,0,0.267,0.071,NA,0.069,0.328,0.087,0.024,0.002,0,0.177,0.242,NA,84.311,NA,79.663,94.293,89.703,85.893,79.322,80.437,93.224,84.474,NA,2.697,NA,1.866,-0.809,1.122,-2.033,-3.222,-5.644,-4.518,3.268,NA,2.05,NA,-6.066,8.196,3.852,1.46,-2.422,-2.425,3.642,-0.228,NA,-2.123,NA,2.913,0.196,-2.21,-1.146,-0.453,0.038,5.638,0.908,NA,-1.166,NA,1.655,0.023,-1,-1.849,-11.318,3.808,1.247,0.147,NA,0.301,0.607,0.466,0.655,0.906,0.831,0.54,17.779,486,87.048,13.182,18,0.037,111.078,159,0.327,3.932,162,637,0.007
"Manny Machado","3B","SDP","SDP",29,11493,"R",592518,2024,31,"31 - 31",2024,2024,152,593,643,163,104,30,0,29,77,105,45,6,124,1,4,0,25,11,2,0.275,207,180,85,24,2389,818,1571,9,1,0,0.07,0.193,0.363,0.325,0.472,0.797,0.197,0.302,1.15,0.18,0.439,0.381,0.133,0.161,0.043,0,0.308,0.34,15.259,90.476,16.886,0.524,19.442,-4.011,1.97,NA,-3.487,16.519,34.444,3.557,3.713,28.459,-0.367,3.573,121.961,0.253,0.594,-11.501,12.095,17.326,1.867,0.981,5.905,1,1.282,-0.676,0.527,94.215,0.221,84.979,0.087,89.372,0.064,79.869,0.073,85.08,0.028,87.242,NA,NA,0.008,NA,8.751,2.976,-2.779,-2.096,2.951,-2.348,NA,0.696,0.564,-1.343,-1.37,1.687,-3.557,NA,0.335,0.752,0.516,0.626,0.87,0.781,0.434,0.63,0.113,0.142,0.255,177,192,104,63,234,176,473,0.374,0.406,0.22,0.133,0.495,0.372,0.6,-0.2,111.357,84.93,85.376,103.076,116.899,125.609,102.148,91.014,101.983,102.487,134.965,92.729,115.194,90.085,83.521,94.249,117.891,0.338,0.274,0.466,-0.62,2,0,0,0,0,0,0.07,NA,NA,NA,NA,NA,2,0,0.07,0,0.07,0.075,NA,0.062,0.302,0.085,0.026,NA,0,0.217,0.234,NA,84.828,NA,79.809,94.55,89.9,87.576,NA,82.03,93.966,85.05,NA,-1.188,NA,3.489,-1.858,0.774,-3.678,NA,-4,-6.111,3.711,NA,1.186,NA,-7.157,8.316,4.007,0.793,NA,-2.242,3.456,-0.248,NA,3.205,NA,-1.19,4.766,-3.593,-2.63,NA,0.486,3.139,1.716,NA,1.801,NA,-0.804,0.662,-1.779,-4.174,NA,48.633,0.607,0.308,NA,0.289,0.71,0.516,0.536,0.863,0.778,0.538,18.994,473,92.507,12.736,52,0.11,115.558,231,0.488,3.969,162,643,0.338
"Seiya Suzuki","OF","CHC","CHC",17,30116,"R",673548,2024,29,"29 - 29",2024,2024,132,512,585,145,91,27,6,21,74,73,63,3,160,6,4,0,6,16,6,0.283,120,167,69,12,2512,1000,1512,11,0,0,0.108,0.274,0.394,0.366,0.482,0.848,0.199,0.37,0.719,0.194,0.337,0.469,0.072,0.126,0.092,0,0.417,0.365,25.752,94.184,26.44,-1.174,17.689,-9.588,1.792,NA,-10.763,25.664,34.382,3.551,3.918,28.407,-0.777,5.779,137.797,-0.469,1.837,-9.643,11.479,26.794,2.797,0.971,1.799,1,2.954,-1.061,0.501,94.331,0.222,84.81,0.073,89.212,0.071,79.96,0.097,85.766,0.035,88.281,NA,NA,0.004,NA,18.308,1.385,4.022,2.273,3.69,-3.614,NA,1.455,0.249,2.186,1.284,1.512,-4.06,NA,0.236,0.627,0.396,0.628,0.857,0.777,0.41,0.576,0.088,0.206,0.294,120,156,80,50,169,137,356,0.337,0.438,0.225,0.14,0.475,0.385,-0.7,0.4,114.731,130.69,121.084,116.006,119.436,126.83,125.28,97.955,78.385,126.067,105.341,83.529,124.355,92.07,88.071,90.439,121.927,0.348,0.258,0.463,-0.307,2,0,1,0,0,0,0.153,NA,-0.039,NA,NA,NA,2,1,0.153,-0.039,0.114,0.092,0.001,0.065,0.307,0.071,0.035,NA,NA,0.197,0.232,0,86.012,79.584,79.865,95.006,89.596,87.062,NA,NA,93.764,85.014,90.886,1.947,4.774,2.911,-2.469,0.758,-3.621,NA,NA,-4.319,3.137,0,1.98,-9.162,-7.211,8.186,3.214,0.961,NA,NA,3.226,-0.374,0,1.325,-0.004,1.125,4.631,4.295,-1.938,NA,NA,11.942,1.404,-0.039,0.574,-0.216,0.69,0.601,2.427,-2.177,NA,NA,2.417,0.242,-3.936,0.201,0.58,0.397,0.553,0.846,0.774,0.517,18.572,356,91.705,16.176,41,0.115,115.503,174,0.489,3.611,162,585,0.447
"Oneil Cruz","SS","PIT","PIT",27,21711,"L",665833,2024,25,"25 - 25",2024,2024,146,541,599,140,82,34,3,21,72,76,51,5,181,3,4,0,8,22,1,0.259,174,123,67,13,2385,854,1531,5,0,0,0.085,0.302,0.282,0.324,0.449,0.773,0.19,0.347,1.415,0.184,0.478,0.338,0.106,0.171,0.029,0,0.422,0.331,10.046,80.116,7.074,-2.759,18.112,4.508,1.835,NA,1.749,12.341,34.037,3.515,3.145,28.122,5.266,6.153,109.876,2.961,0.468,-11.071,11.539,2.646,0.153,1.048,1.654,9,0.672,-0.226,0.386,94.325,0.235,85.029,0.066,89.662,0.139,80.434,0.115,85.698,0.058,86.5,NA,NA,0.01,NA,3.885,5.944,0.266,-4.899,2.101,0.853,NA,0.422,1.063,0.169,-1.476,0.764,0.618,NA,0.335,0.656,0.463,0.532,0.782,0.673,0.399,0.638,0.151,0.178,0.329,153,120,91,43,170,151,364,0.42,0.33,0.25,0.118,0.467,0.415,-0.7,-0.6,104.837,103.324,133.775,102.706,111.203,121.208,117.425,93.026,111.16,90.811,143.024,104.158,93.556,102.428,74.077,88.975,131.433,0.342,0.266,0.472,2.305,1,0,3,0,0,0,0.038,NA,-0.426,NA,NA,NA,1,3,0.038,-0.426,-0.388,0.123,0.001,0.137,0.248,0.072,0.049,NA,NA,0.134,0.236,NA,85.801,79.388,80.153,94.893,90.1,86.286,NA,NA,93.381,85.032,NA,-7.703,4.153,3.565,-2.384,0.962,-5.681,NA,NA,-1.497,0.693,NA,1.361,-9.26,-7.157,7.951,4.075,0.106,NA,NA,3.294,-0.401,NA,5.009,-0.018,-4.436,11.65,1.282,-1.544,NA,NA,-8.025,4.03,NA,1.71,-0.916,-1.361,1.975,0.745,-1.319,NA,NA,-2.524,0.716,NA,0.323,0.615,0.462,0.489,0.783,0.675,0.476,18.781,364,95.48,9.765,57,0.157,121.526,200,0.549,3.698,162,599,0.049
