"PlayerName","position","TeamName","TeamNameAbb","teamid","playerid","Throws","xMLBAMID","Season","Age","AgeR","SeasonMin","SeasonMax","W","L","ERA","G","GS","QS","CG","ShO","SV","BS","IP","TBF","H","R","ER","HR","BB","IBB","HBP","WP","BK","SO","GB","FB","LD","IFFB","Pitches","Balls","Strikes","RS","IFH","BU","BUH","K/9","BB/9","K/BB","H/9","HR/9","AVG","WHIP","BABIP","LOB%","FIP","GB/FB","LD%","GB%","FB%","IFFB%","HR/FB","IFH%","BUH%","TTO%","CFraming","Starting","Start-IP","Relieving","Relief-IP","RAR","WAR","Dollars","RA9-Wins","LOB-Wins","BIP-Wins","BS-Wins","tERA","xFIP","WPA","-WPA","+WPA","RE24","REW","pLI","inLI","gmLI","exLI","Pulls","Games","WPA/LI","Clutch","FB%1","FBv","SL%","SLv","CT%","CTv","CB%","CBv","CH%","CHv","SF%","SFv","KN%","KNv","XX%","PO%","wFB","wSL","wCT","wCB","wCH","wSF","wKN","wFB/C","wSL/C","wCT/C","wCB/C","wCH/C","wSF/C","wKN/C","O-Swing%","Z-Swing%","Swing%","O-Contact%","Z-Contact%","Contact%","Zone%","F-Strike%","SwStr%","CStr%","C+SwStr%","HLD","SD","MD","ERA-","FIP-","xFIP-","K%","BB%","K-BB%","SIERA","kwERA","RS/9","E-F","Pull","Cent","Oppo","Soft","Med","Hard","bipCount","Pull%","Cent%","Oppo%","Soft%","Med%","Hard%","K/9+","BB/9+","K/BB+","H/9+","HR/9+","AVG+","WHIP+","BABIP+","LOB%+","K%+","BB%+","LD%+","GB%+","FB%+","HRFB%+","Pull%+","Cent%+","Oppo%+","Soft%+","Med%+","Hard%+","xERA","pb_o_CH","pb_s_CH","pb_c_CH","pb_o_CU","pb_s_CU","pb_c_CU","pb_o_FF","pb_s_FF","pb_c_FF","pb_o_SI","pb_s_SI","pb_c_SI","pb_o_SL","pb_s_SL","pb_c_SL","pb_o_KC","pb_s_KC","pb_c_KC","pb_o_FC","pb_s_FC","pb_c_FC","pb_o_FS","pb_s_FS","pb_c_FS","pb_overall","pb_stuff","pb_command","pb_xRV100","pb_ERA","sp_s_CH","sp_l_CH","sp_p_CH","sp_s_CU","sp_l_CU","sp_p_CU","sp_s_FF","sp_l_FF","sp_p_FF","sp_s_SI","sp_l_SI","sp_p_SI","sp_s_SL","sp_l_SL","sp_p_SL","sp_s_KC","sp_l_KC","sp_p_KC","sp_s_FC","sp_l_FC","sp_p_FC","sp_s_FS","sp_l_FS","sp_p_FS","sp_s_FO","sp_l_FO","sp_p_FO","sp_stuff","sp_location","sp_pitching","PPTV","CPTV","BPTV","DSV","DGV","BTV","rPPTV","rCPTV","rBPTV","rDSV","rDGV","rBTV","EBV","ESV","rFTeamV","rBTeamV","rTV","piCH%","piCS%","piCU%","piFA%","piFC%","piFS%","piKN%","piSB%","piSI%","piSL%","piXX%","pivCH","pivCS","pivCU","pivFA","pivFC","pivFS","pivKN","pivSB","pivSI","pivSL","pivXX","piCH-X","piCS-X","piCU-X","piFA-X","piFC-X","piFS-X","piKN-X","piSB-X","piSI-X","piSL-X","piXX-X","piCH-Z","piCS-Z","piCU-Z","piFA-Z","piFC-Z","piFS-Z","piKN-Z","piSB-Z","piSI-Z","piSL-Z","piXX-Z","piwCH","piwCS","piwCU","piwFA","piwFC","piwFS","piwKN","piwSB","piwSI","piwSL","piwXX","piwCH/C","piwCS/C","piwCU/C","piwFA/C","piwFC/C","piwFS/C","piwKN/C","piwSB/C","piwSI/C","piwSL/C","piwXX/C","piO-Swing%","piZ-Swing%","piSwing%","piO-Contact%","piZ-Contact%","piContact%","piZone%","piPace","Events","EV","LA","Barrels","Barrel%","maxEV","HardHit","HardHit%","Q","TG","TIP"
"Chris Sale","P","ATL","ATL",16,10603,"L",519242,2024,35,"35 - 35",2024,2024,18,3,2.381,29,29,18,0,0,0,0,177.2,702,141,48,47,9,39,0,8,4,1,225,191,143,92,8,2818,925,1893,126,5,4,0,11.398,1.976,5.769,7.143,0.456,0.215,1.013,0.314,0.798,2.086,1.336,0.216,0.448,0.336,0.056,0.063,0.026,0,0.389,0,56.154,177.2,NA,NA,56.154,6.41,51.282,6.999,1.334,-0.745,0.588,2.464,2.644,4.041,-9.076,13.117,41.113,4.235,0.947,0.897,0.87,0.831,29,29,4.375,-0.109,0.455,94.752,0.403,78.704,NA,NA,NA,NA,0.142,86.935,NA,NA,NA,NA,0.001,NA,-5.526,24.446,NA,NA,12.061,NA,NA,-0.431,2.154,NA,NA,3.023,NA,NA,0.369,0.646,0.49,0.576,0.812,0.711,0.435,0.694,0.141,0.182,0.323,0,0,0,57.197,53.307,65.69,0.321,0.056,0.265,2.803,2.786,6.383,0.295,187,137,106,72,251,107,430,0.435,0.319,0.247,0.167,0.584,0.249,133.057,63.356,210.015,84.302,40.573,88.064,78.667,106.538,111.088,142.913,68.049,108.573,104.282,90.445,53.625,107.863,90.3,101.033,104.871,111.041,79.082,2.79,55.726,47.674,61.107,NA,NA,NA,57.665,47.526,61.979,57.048,49.699,57.801,59.272,45.903,58.478,NA,NA,NA,NA,NA,NA,NA,NA,NA,59.91,47.752,63.765,-0.49,3.342,64.182,106.575,98.299,NA,NA,NA,95.601,105.365,101.48,112.753,100.471,95.768,104.602,99.821,104.09,NA,NA,NA,NA,NA,NA,NA,NA,NA,NA,NA,NA,96.037,102.96,101.549,1,0,2,0,1,0,-0.038,NA,0.079,NA,-0.316,NA,1,2,-0.354,0.079,-0.275,0.144,NA,NA,0.378,NA,NA,NA,NA,0.074,0.403,NA,87.049,NA,NA,94.942,NA,NA,NA,NA,94.095,78.716,NA,9.389,NA,NA,8.628,NA,NA,NA,NA,10.339,-6.349,NA,-0.995,NA,NA,4.931,NA,NA,NA,NA,0.619,-4.162,NA,12.938,NA,NA,-0.36,NA,NA,NA,NA,-5.566,24.546,NA,3.187,NA,NA,-0.034,NA,NA,NA,NA,-2.663,2.163,NA,0.341,0.628,0.49,0.549,0.795,0.712,0.518,19.573,430,86.536,9.592,24,0.056,114.377,132,0.307,1.097,162,177.667
"Tarik Skubal","P","DET","DET",6,22267,"L",669373,2024,27,"27 - 27",2024,2024,18,4,2.391,31,31,22,0,0,0,0,192,753,142,54,51,15,35,0,9,2,0,228,218,171,88,22,2868,883,1985,134,13,4,2,10.688,1.641,6.514,6.656,0.703,0.2,0.922,0.273,0.8,2.495,1.275,0.184,0.457,0.358,0.129,0.088,0.06,0.5,0.369,3.44,52.542,192,NA,NA,52.542,5.86,46.883,6.545,0.136,0.549,0.684,2.484,2.826,4.286,-9.261,13.547,40.039,4.196,0.922,0.916,0.877,0.955,31,31,4.173,0.474,0.539,96.805,0.146,88.84,NA,NA,0.042,78.533,0.273,86.349,NA,NA,NA,NA,0.001,NA,24.996,2.96,NA,1.582,8.631,NA,NA,1.618,0.706,NA,1.319,1.104,NA,NA,0.352,0.698,0.516,0.566,0.801,0.717,0.475,0.687,0.146,0.175,0.321,0,0,0,60.021,60.945,68.449,0.303,0.046,0.256,2.889,2.89,6.281,-0.104,186,172,123,87,272,122,481,0.387,0.358,0.256,0.181,0.565,0.254,123.802,52.682,235,81.65,60.991,84.59,73.643,95.961,110.556,133.188,56.676,95.141,110.176,91.62,76.083,94.659,102.007,106.135,111.74,107.253,81.586,2.68,65.552,67.861,56.153,NA,NA,NA,60.209,56.458,58.847,51.91,53.164,60.261,53.716,52.495,55.603,59.64,45.87,62.32,NA,NA,NA,NA,NA,NA,60.8,58.997,60.666,-0.546,3.259,97.227,103.792,113.587,NA,NA,NA,111.516,104.106,103.3,94.933,105.465,104.472,111.206,98.802,102.855,94.724,91.058,100.823,NA,NA,NA,NA,NA,NA,NA,NA,NA,103.352,103.029,106.244,2,0,0,0,0,0,-0.125,NA,NA,NA,NA,NA,2,0,-0.125,0,-0.125,0.273,NA,0.042,0.332,NA,NA,NA,NA,0.206,0.148,NA,86.432,NA,78.59,96.995,NA,NA,NA,NA,96.748,88.92,NA,8.617,NA,-3.263,3.762,NA,NA,NA,NA,8.393,-1.318,NA,2.328,NA,-5.863,8.487,NA,NA,NA,NA,6.18,2.456,NA,9.028,NA,1.688,17.249,NA,NA,NA,NA,7.401,2.988,NA,1.166,NA,1.407,1.833,NA,NA,NA,NA,1.267,0.713,NA,0.326,0.66,0.515,0.496,0.798,0.715,0.567,16.602,481,87.448,12.011,32,0.067,113.037,161,0.335,1.185,162,192
"Zack Wheeler","P","PHI","PHI",26,10310,"R",554430,2024,34,"34 - 34",2024,2024,16,7,2.565,32,32,26,0,0,0,0,200,787,139,62,57,20,52,0,8,8,0,224,213,195,92,27,3136,1079,2057,118,17,3,0,10.08,2.34,4.308,6.255,0.9,0.191,0.955,0.246,0.801,3.126,1.092,0.184,0.426,0.39,0.138,0.103,0.08,0,0.376,-1.42,49.328,200,NA,NA,49.328,5.428,43.427,7.015,-0.412,1.999,1.587,3.078,3.301,3.952,-10.394,14.346,39.13,4.001,0.924,0.903,0.873,0.784,32,32,3.432,0.843,0.605,95.112,0.123,84.979,0.098,91.098,0.101,81.842,NA,NA,0.073,86.175,NA,NA,0.001,NA,28.015,4.171,0.316,-2.325,NA,3.699,NA,1.478,1.081,0.103,-0.733,NA,1.615,NA,0.364,0.713,0.511,0.641,0.822,0.747,0.42,0.642,0.129,0.144,0.273,0,0,0,62.001,75.604,81.553,0.285,0.066,0.219,3.317,3.343,5.31,-0.561,176,204,123,105,252,146,503,0.35,0.406,0.245,0.209,0.501,0.29,117.674,75.042,156.811,73.826,80.094,78.217,74.153,83.717,111.505,126.911,80.932,92.504,99.082,105.081,87.389,86.785,114.948,100.222,130.742,95.304,92.246,2.81,NA,NA,NA,47.887,62.221,43.444,67.142,59.464,66.273,64.028,64.647,50.569,63.586,66.175,57.669,NA,NA,NA,45.153,60.704,46.862,52.192,46.002,57.942,63.946,59.391,59.674,-0.741,2.966,NA,NA,NA,110.239,101.356,107.212,100.649,106.27,109.206,111.46,103.135,107.175,128.157,105.755,115.024,NA,NA,NA,91.635,96.724,94.139,93.968,110.231,110.304,NA,NA,NA,106.023,104.321,107.851,1,0,1,0,0,0,-0.035,NA,0.039,NA,NA,NA,1,1,-0.035,0.039,0.004,NA,NA,0.102,0.413,NA,0.073,NA,NA,0.191,0.22,NA,NA,NA,81.973,95.468,NA,86.385,NA,NA,94.831,87.795,NA,NA,NA,5.046,-5.387,NA,-7.227,NA,NA,-9.905,3.528,NA,NA,NA,-6.349,7.499,NA,1.954,NA,NA,2.901,2.327,NA,NA,NA,-3.059,12.156,NA,3.442,NA,NA,16.638,5.578,NA,NA,NA,-0.959,0.939,NA,1.497,NA,NA,2.773,0.808,NA,0.33,0.679,0.511,0.576,0.822,0.746,0.518,18.554,503,86.72,12.953,42,0.083,114.251,167,0.332,1.235,162,200
"Cole Ragans","P","KCR","KCR",7,21846,"L",666142,2024,26,"26 - 26",2024,2024,11,9,3.14,32,32,21,1,0,0,0,186.1,762,146,71,65,15,67,1,6,11,0,223,187,186,86,18,3118,1138,1980,86,10,7,2,10.771,3.236,3.328,7.052,0.725,0.212,1.143,0.29,0.747,2.995,1.005,0.187,0.407,0.405,0.097,0.081,0.053,0.286,0.4,-0.24,44.738,186.1,NA,NA,44.738,4.88,39.043,4.951,0.248,-0.176,0.071,3.164,3.458,2.563,-12.188,14.751,25.738,2.573,1.025,0.984,0.876,1.27,31,32,2.732,-0.232,0.418,95.448,0.133,86.089,0.108,90.961,0.104,80.83,0.237,84.818,NA,NA,NA,NA,0,NA,10.526,-0.583,-0.983,3.087,10.582,NA,NA,0.807,-0.14,-0.292,0.956,1.434,NA,NA,0.331,0.716,0.488,0.577,0.791,0.705,0.409,0.587,0.144,0.145,0.289,0,0,0,74.653,72.603,84.17,0.293,0.088,0.205,3.495,3.509,4.154,0.145,184,151,131,82,244,140,466,0.395,0.324,0.281,0.176,0.524,0.3,124.77,103.915,120.069,86.503,62.846,89.497,91.316,102.276,103.298,128.728,107.212,96.625,98.215,103.564,69.947,96.655,92.435,116.677,108.709,99.31,96.637,3.27,60.956,65.091,54.274,NA,NA,NA,61.011,59.918,56.21,NA,NA,NA,53.162,65.721,46.141,51.805,47.108,50.377,50.822,55.153,55.518,NA,NA,NA,58.203,61.902,53.504,-0.384,3.501,113.554,97.655,102.613,NA,NA,NA,105.384,101.013,105.597,NA,NA,NA,131.629,105.613,113.561,101.254,96.514,101.251,87.956,94.489,91.016,NA,NA,NA,NA,NA,NA,108.475,99.527,103.844,0,0,0,0,0,0,NA,NA,NA,NA,NA,NA,0,0,0,0,0,0.236,NA,0.104,0.419,0.114,NA,NA,NA,NA,0.127,NA,84.915,NA,80.91,95.549,90.851,NA,NA,NA,NA,86.076,NA,9.289,NA,-5.981,7.268,0.523,NA,NA,NA,NA,-0.606,NA,5.906,NA,-8.734,9.092,4.627,NA,NA,NA,NA,-0.794,NA,10.08,NA,3.156,11.576,0.698,NA,NA,NA,NA,-1.14,NA,1.368,NA,0.977,0.886,0.195,NA,NA,NA,NA,-0.289,NA,0.293,0.685,0.488,0.529,0.781,0.705,0.497,17.766,466,88.328,15.236,29,0.062,115.433,164,0.352,1.15,162,186.333
"Dylan Cease","P","SDP","SDP",29,18525,"R",656302,2024,28,"28 - 28",2024,2024,14,11,3.47,33,33,16,1,1,0,0,189.1,762,137,80,73,18,65,0,2,12,0,224,185,197,83,16,3188,1189,1999,95,16,4,1,10.648,3.09,3.446,6.512,0.856,0.197,1.067,0.263,0.694,3.098,0.939,0.178,0.398,0.424,0.081,0.091,0.086,0.25,0.403,-1.81,43.84,189.1,NA,NA,43.84,4.761,38.091,3.771,-2.224,1.233,-0.991,2.913,3.435,1.299,-11.127,12.426,13.102,1.329,0.884,0.874,0.867,0.861,32,33,2.295,-0.824,0.435,96.917,0.43,87.696,0.007,91.773,0.119,82.453,0.009,69.714,NA,NA,NA,NA,NA,NA,2.846,27.157,-0.274,-2.239,-1.156,NA,NA,0.205,1.982,-1.247,-0.589,-4.13,NA,NA,0.335,0.706,0.48,0.531,0.813,0.693,0.389,0.596,0.147,0.145,0.293,0,0,0,87.704,77.134,84.802,0.294,0.085,0.209,3.458,3.462,4.516,0.372,203,171,95,69,256,144,471,0.433,0.365,0.203,0.147,0.546,0.307,124.303,99.087,125.449,76.863,76.146,80.641,82.842,89.261,96.521,131.075,104.484,89.736,92.534,114.149,77.852,107.355,103.338,83.019,92.144,103.835,97.578,3.32,32.765,50.839,20,NA,NA,NA,56.702,63.344,45.68,NA,NA,NA,61.311,66.546,58.803,49.815,52.387,49.835,20.876,64.76,31.519,NA,NA,NA,59.789,67.221,52.655,-0.483,3.353,53.507,71.83,68.222,NA,NA,NA,122.6,95.307,101.876,NA,NA,NA,111.772,100.068,104.816,104.635,95.356,101.635,112.733,89.053,90.053,NA,NA,NA,NA,NA,NA,120.808,100.255,107.003,0,0,0,0,0,0,NA,NA,NA,NA,NA,NA,0,0,0,0,0,NA,NA,0.075,0.435,0.006,0.009,NA,NA,NA,0.475,NA,NA,NA,82.285,96.923,91.957,69.617,NA,NA,NA,87.222,NA,NA,NA,1.884,-1.329,1.86,-2.007,NA,NA,NA,1.81,NA,NA,NA,-10.704,9.672,2.812,8.017,NA,NA,NA,-0.744,NA,NA,NA,-1.288,3.858,-0.917,-1.157,NA,NA,NA,28.741,NA,NA,NA,-0.539,0.278,-4.825,-4.133,NA,NA,NA,1.898,NA,0.315,0.669,0.481,0.477,0.807,0.692,0.467,18.625,471,89.012,14.117,40,0.085,116.756,180,0.382,1.169,162,189.333
"Seth Lugo","P","KCR","KCR",7,12447,"R",607625,2024,34,"34 - 34",2024,2024,16,9,3.005,33,33,22,1,0,0,0,206.2,836,177,75,69,16,48,1,9,4,0,181,261,217,113,18,3112,1079,2033,109,22,7,4,7.882,2.09,3.771,7.708,0.697,0.227,1.089,0.277,0.751,3.249,1.203,0.191,0.442,0.367,0.083,0.074,0.084,0.571,0.293,-0.26,43.632,206.2,NA,NA,43.632,4.707,37.653,5.932,0.791,0.435,1.225,3.546,3.83,3.58,-11.971,15.552,35.569,3.615,0.977,0.923,0.869,1.113,32,33,3.43,0.234,0.439,92.198,0.23,82.559,0.073,89.886,0.166,79.752,0.061,87.458,0.031,85.825,NA,NA,0.001,NA,7.087,3.488,5.784,5.268,-1.332,0.66,NA,0.519,0.488,2.537,1.021,-0.701,0.68,NA,0.314,0.661,0.463,0.634,0.897,0.795,0.43,0.644,0.095,0.187,0.281,0,0,0,71.45,78.917,93.433,0.217,0.057,0.159,3.937,4.057,4.747,-0.244,231,240,127,93,324,181,598,0.386,0.401,0.212,0.156,0.542,0.303,91.307,67.122,136.031,94.552,60.44,95.965,86.97,97.405,103.843,95.235,70.01,98.604,106.464,93.839,63.952,94.56,114.487,88.146,96.077,102.762,97.359,3.72,46.57,43.843,52.277,58.645,56.092,54.453,49.279,41.983,55.569,50.183,39.931,53.2,44.706,38.722,46.897,NA,NA,NA,53.005,36.897,59.213,48.284,34.49,55.926,49.742,42.007,53.598,0.141,4.289,93.288,99.878,98.031,126.429,100.441,110.175,74.583,103.142,95.012,68.397,101.406,91.541,125.061,97.471,104.579,NA,NA,NA,97.329,103.115,103.035,92.7,107.394,105.663,NA,NA,NA,96.876,100.677,99.962,0,0,0,0,0,0,NA,NA,NA,NA,NA,NA,0,0,0,0,0,0.094,NA,0.229,0.236,0.09,NA,NA,NA,0.186,0.165,NA,86.918,NA,79.568,92.342,89.966,NA,NA,NA,92.232,83.882,NA,-8.142,NA,9.123,-3.943,0.119,NA,NA,NA,-8.896,5.401,NA,1.384,NA,-8.956,8.067,5.667,NA,NA,NA,3.973,-0.127,NA,0.161,NA,10.19,5.338,7.408,NA,NA,NA,3.465,-1.182,NA,0.055,NA,1.431,0.726,2.646,NA,NA,NA,0.598,-0.23,NA,0.285,0.63,0.464,0.579,0.885,0.794,0.518,16.363,598,88.501,10.675,48,0.08,115.097,233,0.39,1.276,162,206.667
"Cristopher Sánchez","P","PHI","PHI",26,20778,"L",650911,2024,27,"27 - 27",2024,2024,11,9,3.319,31,31,17,2,1,0,0,181.2,754,182,76,67,11,44,0,0,7,1,153,315,118,116,4,2798,902,1896,95,23,8,4,7.58,2.18,3.477,9.017,0.545,0.256,1.244,0.313,0.712,2.996,2.669,0.211,0.574,0.215,0.034,0.093,0.073,0.5,0.276,-1.15,42.992,181.2,NA,NA,42.992,4.687,37.495,4.024,0.235,-0.899,-0.663,3.54,3.191,1.6,-12.488,14.087,19.04,1.957,1.026,0.938,0.88,1.287,29,31,1.848,-0.288,0.473,94.529,0.168,84.433,0.001,87,NA,NA,0.357,85.161,NA,NA,NA,NA,0,NA,-7.913,1.172,0.134,NA,15.558,NA,NA,-0.598,0.249,3.359,NA,1.559,NA,NA,0.393,0.673,0.512,0.672,0.865,0.78,0.426,0.658,0.113,0.163,0.275,0,0,0,80.233,72.518,78.897,0.203,0.058,0.145,3.578,4.231,4.706,0.323,233,205,119,99,299,159,557,0.418,0.368,0.214,0.178,0.537,0.285,88.486,69.905,126.582,106.419,48.497,104.866,96.596,106.418,99.129,90.479,71.478,106.225,133.451,57.912,79.428,103.753,104.313,87.562,111.32,102.116,90.721,3.51,62.349,64.189,53.467,NA,NA,NA,NA,NA,NA,58.155,52.22,56.219,52.686,48.153,54.615,NA,NA,NA,20,60.174,20,NA,NA,NA,61.869,58.58,57.683,-0.612,3.159,97.175,105.488,116.224,NA,NA,NA,NA,NA,NA,95.298,100.629,98.317,101.525,101.992,103.396,NA,NA,NA,85.6,52.1,74,NA,NA,NA,NA,NA,NA,96.959,102.648,105.726,1,0,0,0,0,0,-0.035,NA,NA,NA,NA,NA,1,0,-0.035,0,-0.035,0.357,NA,NA,NA,0.001,NA,NA,NA,0.473,0.168,NA,85.136,NA,NA,NA,87.339,NA,NA,NA,94.527,84.436,NA,10.337,NA,NA,NA,2.073,NA,NA,NA,10.258,-0.634,NA,-0.82,NA,NA,NA,1.152,NA,NA,NA,3.378,-3.018,NA,15.429,NA,NA,NA,0.136,NA,NA,NA,-7.251,3.095,NA,1.546,NA,NA,NA,3.392,NA,NA,NA,-0.548,0.657,NA,0.357,0.662,0.512,0.624,0.86,0.779,0.509,17.999,557,87.415,2.396,30,0.054,120.018,191,0.343,1.121,162,181.667
"Garrett Crochet","P","CHW","CHW",4,27463,"L",676979,2024,25,"25 - 25",2024,2024,6,12,3.575,32,32,11,0,0,0,0,146,595,123,61,58,18,33,0,5,3,1,209,156,125,65,13,2395,773,1622,50,20,2,1,12.884,2.034,6.333,7.582,1.11,0.221,1.068,0.318,0.736,2.687,1.248,0.188,0.451,0.361,0.104,0.144,0.128,0.5,0.437,-1.25,42.368,146,NA,NA,42.368,4.653,37.226,3.144,-0.604,-0.905,-1.509,2.753,2.379,1.672,-9.421,11.093,11.109,1.212,0.998,0.953,0.875,1.051,31,32,1.758,-0.083,0.559,97.237,0.099,84.316,0.282,91.586,NA,NA,0.059,91.035,NA,NA,NA,NA,NA,NA,22.905,-5.438,-2.396,NA,-0.614,NA,NA,1.709,-2.295,-0.354,NA,-0.432,NA,NA,0.36,0.729,0.529,0.527,0.791,0.694,0.458,0.64,0.162,0.145,0.307,0,0,0,88.282,62.855,57.334,0.351,0.055,0.296,2.532,2.416,3.082,0.888,137,121,90,61,172,115,348,0.394,0.348,0.259,0.175,0.494,0.33,149.241,65.321,228.472,93.008,96.248,93.266,85.355,112.035,101.764,154.509,67.627,96.882,108.692,92.33,124.897,96.369,99.187,107.34,108.29,93.742,106.296,2.83,49.12,53.007,48.577,NA,NA,NA,67.257,66.062,59.662,50.189,65.592,38.196,56.822,70.7,48.735,NA,NA,NA,70.654,80,64.747,NA,NA,NA,69.429,69.675,64.086,-1.082,2.455,66.168,100.908,101.555,NA,NA,NA,103.641,103.313,102.837,123.191,98.33,97.448,137.917,102.347,107,NA,NA,NA,93.959,104.666,103.264,NA,NA,NA,NA,NA,NA,102.228,103.225,103.088,0,0,0,0,0,0,NA,NA,NA,NA,NA,NA,0,0,0,0,0,0.059,NA,NA,0.536,0.285,NA,NA,NA,0.022,0.097,NA,91.11,NA,NA,97.28,91.658,NA,NA,NA,97.992,84.291,NA,9.094,NA,NA,4.65,-2.221,NA,NA,NA,9.141,-8.454,NA,4.238,NA,NA,8.111,2.431,NA,NA,NA,3.955,-1.5,NA,-0.505,NA,NA,20.021,0.196,NA,NA,NA,2.34,-5.559,NA,-0.356,NA,NA,1.562,0.029,NA,NA,NA,4.415,-2.386,NA,0.334,0.681,0.529,0.46,0.783,0.694,0.561,17.455,348,88.299,11.056,32,0.092,111.385,135,0.388,0.901,162,146
"Logan Webb","P","SFG","SFG",30,17995,"R",657277,2024,27,"27 - 27",2024,2024,13,10,3.474,33,33,20,1,1,0,0,204.2,841,202,83,79,11,50,3,2,4,1,172,350,140,126,8,3202,1085,2117,107,18,1,0,7.564,2.199,3.44,8.883,0.484,0.256,1.231,0.315,0.717,2.947,2.5,0.205,0.568,0.227,0.057,0.079,0.051,0,0.277,3.31,41.17,204.2,NA,NA,41.17,4.419,35.349,4.072,0.77,-1.116,-0.347,3.291,3.282,1.132,-14.484,15.615,15.491,1.67,1.02,0.971,0.876,1.03,32,33,2.262,-1.153,0.454,92.619,0.212,83.822,0.025,90.9,NA,NA,0.308,87.398,NA,NA,NA,NA,0.003,NA,15.316,0.936,3.588,NA,-1.39,NA,NA,1.053,0.138,4.484,NA,-0.141,NA,NA,0.346,0.628,0.46,0.697,0.91,0.814,0.403,0.697,0.085,0.199,0.284,0,0,0,86.226,75.893,81.106,0.205,0.059,0.145,3.614,4.225,4.705,0.527,222,253,142,105,332,180,617,0.36,0.41,0.23,0.17,0.538,0.292,88.296,70.51,125.225,104.84,43.047,104.736,95.604,107.096,99.746,91.192,72.823,102.833,132.151,61.236,66.946,89.242,116.218,94.325,106.585,102.36,92.715,4.22,63.299,55.231,62.983,NA,NA,NA,27.628,35.343,32.784,58.155,48.413,59.057,65.532,76.217,60.445,NA,NA,NA,40.91,53.706,46.299,NA,NA,NA,62.019,58.495,63.425,-0.621,3.145,137.118,105.188,112.425,NA,NA,NA,57.364,105.643,88.266,94.516,104.083,101.512,126.169,104.002,113.964,NA,NA,NA,51.996,95.336,88.125,NA,NA,NA,NA,NA,NA,111.322,104.313,106.496,0,0,1,0,0,0,NA,NA,0.039,NA,NA,NA,0,1,0,0.039,0.039,0.308,NA,NA,0.047,0.029,NA,NA,NA,0.404,0.212,NA,87.669,NA,NA,92.836,91.057,NA,NA,NA,92.843,84.038,NA,-5.787,NA,NA,-4.737,-0.914,NA,NA,NA,-8.881,9.339,NA,-3.747,NA,NA,5.161,3.391,NA,NA,NA,-0.324,-1.644,NA,-1.58,NA,NA,-0.557,3.515,NA,NA,NA,17.984,1.095,NA,-0.16,NA,NA,-0.374,3.78,NA,NA,NA,1.391,0.161,NA,0.343,0.583,0.46,0.681,0.896,0.814,0.486,16.181,617,89.814,2.509,43,0.07,120.39,284,0.46,1.263,162,204.667
"Paul Skenes","P","PIT","PIT",27,33677,"R",694973,2024,22,"22 - 22",2024,2024,11,3,1.962,23,23,15,0,0,0,0,133,514,94,31,29,10,32,0,6,2,1,170,156,94,54,15,2127,721,1406,83,12,2,0,11.504,2.165,5.312,6.361,0.677,0.197,0.947,0.284,0.856,2.445,1.66,0.178,0.513,0.309,0.16,0.106,0.077,0,0.412,1.56,38.373,133,NA,NA,38.373,4.292,34.333,5.702,1.154,0.257,1.411,2.442,2.536,3.688,-6.253,9.941,37.224,3.783,0.96,0.935,0.872,1.036,23,23,3.321,0.519,0.392,98.86,0.161,85.462,NA,NA,0.109,83.043,0.054,87.412,0.284,94.038,NA,NA,0.001,NA,5.044,2.622,NA,-0.249,2.648,20.879,NA,0.605,0.767,NA,-0.107,2.323,3.463,NA,0.345,0.7,0.496,0.588,0.833,0.736,0.427,0.623,0.131,0.163,0.294,0,0,0,46.486,60.778,63.071,0.331,0.062,0.268,2.714,2.744,5.617,-0.482,142,98,66,59,175,72,306,0.464,0.32,0.216,0.193,0.572,0.235,134.294,69.443,193.389,75.076,60.221,80.787,73.56,96.428,119.127,147.473,76.257,89.302,119.353,83.313,90.643,115.098,90.77,88.399,120.76,108.792,74.778,2.5,57.789,61.9,52.513,53.977,48.833,54.118,54.775,48.246,57.627,42.205,55.293,31.673,58.758,62.052,49.121,NA,NA,NA,NA,NA,NA,NA,NA,NA,56.89,52.235,55.633,-0.303,3.623,81.89,107.812,106.789,104.579,99.656,103.528,98.234,107.267,102.784,80.278,95.336,86.183,131.235,100.723,113.236,NA,NA,NA,NA,NA,NA,NA,NA,NA,NA,NA,NA,101.602,103.403,103.254,0,0,2,0,1,0,NA,NA,0.079,NA,-0.158,NA,0,2,-0.158,0.079,-0.079,0.053,NA,0.108,0.392,NA,NA,NA,NA,0.284,0.162,NA,87.414,NA,82.94,98.868,NA,NA,NA,NA,94.012,85.449,NA,-10.282,NA,3.971,-8.442,NA,NA,NA,NA,-8.257,4.364,NA,1.014,NA,-3.24,5.407,NA,NA,NA,NA,-0.435,2.414,NA,2.363,NA,0.116,5.299,NA,NA,NA,NA,21.541,2.215,NA,2.091,NA,0.051,0.635,NA,NA,NA,NA,3.566,0.642,NA,0.318,0.663,0.496,0.509,0.829,0.73,0.515,18.455,306,87.831,8.405,16,0.052,112.504,110,0.359,0.821,162,133
"George Kirby","P","SEA","SEA",11,25436,"R",669923,2024,26,"26 - 26",2024,2024,14,11,3.534,33,33,20,0,0,0,0,191,778,181,82,75,22,23,0,7,5,1,179,232,229,101,25,2969,937,2032,112,21,6,4,8.435,1.084,7.783,8.529,1.037,0.242,1.068,0.291,0.716,3.261,1.013,0.18,0.413,0.407,0.109,0.096,0.091,0.667,0.288,-0.25,39.224,191,NA,NA,39.224,4.204,33.632,3.094,-0.869,-0.241,-1.11,3.014,3.576,1.364,-11.485,12.849,7.707,0.766,0.901,0.873,0.85,0.906,33,33,0.998,0.517,0.576,96.06,0.239,87.249,0.004,92.273,0.08,83.339,NA,NA,0.101,86.007,0,74,0.001,NA,13.39,8.751,0.088,-3.831,NA,-6.463,-0.034,0.783,1.236,0.796,-1.623,NA,-2.147,-3.441,0.359,0.745,0.531,0.658,0.863,0.786,0.446,0.661,0.114,0.151,0.264,0,0,0,93.518,82.188,87.121,0.23,0.03,0.201,3.562,3.56,5.277,0.273,194,205,169,101,300,167,569,0.342,0.361,0.298,0.178,0.528,0.294,97.705,34.801,280.754,104.62,89.921,102.2,85.321,102.35,98.93,101.204,36.047,92.681,99.518,104.138,83.326,83.608,102.956,123.492,109.852,100.175,94.573,3.39,NA,NA,NA,NA,NA,NA,54.177,47.763,56.016,65.981,57.506,64.246,59.651,56.817,60.959,54.283,51.086,57.85,48.897,52.477,58.595,58.036,62.224,49.253,60.699,53.415,61.974,-0.539,3.268,NA,NA,NA,NA,NA,NA,101.885,106.888,100.889,105.773,107.849,107.574,110.185,103.747,110.299,114.168,109.734,113.002,96.84,99.22,92.65,108.583,100.05,107.819,NA,NA,NA,105.942,105.841,106.31,1,0,1,0,1,0,-0.048,NA,0.313,NA,-0.158,NA,1,1,-0.206,0.313,0.106,NA,NA,0.081,0.343,0.004,0.101,0,NA,0.233,0.237,0,NA,NA,83.431,96.183,92.533,86.127,73.769,NA,96.159,87.314,89.885,NA,NA,5.101,-5.371,0.666,-5.462,-1.713,NA,-9.096,4.542,-5.395,NA,NA,-9.518,8.2,3.97,-0.365,2.767,NA,5.753,-2.528,8.846,NA,NA,-4.382,2.664,0.087,-6.099,-0.035,NA,12.126,9.419,-0.035,NA,NA,-1.818,0.261,0.792,-2.026,-3.505,NA,1.757,1.34,-3.505,0.324,0.708,0.531,0.609,0.854,0.786,0.54,20.209,569,88.986,14.833,46,0.081,113.913,204,0.359,1.179,162,191
"Logan Gilbert","P","SEA","SEA",11,22250,"R",669302,2024,27,"27 - 27",2024,2024,9,12,3.235,33,33,22,1,0,0,0,208.2,803,148,83,75,26,37,1,4,11,0,220,242,202,92,17,3042,1047,1995,75,13,6,5,9.489,1.596,5.946,6.383,1.121,0.194,0.887,0.236,0.695,3.267,1.198,0.172,0.451,0.377,0.084,0.129,0.054,0.833,0.352,1.92,38.335,208.2,NA,NA,38.335,4.076,32.609,3.906,-2.433,2.262,-0.171,2.993,3.111,1.049,-12.025,13.074,15.082,1.681,0.868,0.927,0.875,0.852,32,33,2.939,-1.732,0.323,96.614,0.32,88.504,0.104,92.381,0.118,83.293,NA,NA,0.135,84.529,NA,NA,0,NA,11.272,15.282,0.067,2.977,NA,4.268,NA,1.146,1.569,0.021,0.829,NA,1.041,NA,0.343,0.717,0.503,0.506,0.831,0.705,0.429,0.677,0.149,0.152,0.301,0,0,0,85.6,82.353,75.549,0.274,0.046,0.228,3.191,3.231,3.235,-0.032,244,170,128,73,293,176,542,0.45,0.314,0.236,0.135,0.541,0.325,109.917,51.244,214.497,78.303,97.273,82.032,70.823,83.251,95.994,120.512,56.184,88.517,108.843,96.316,111.638,110.201,89.474,98.019,83.207,102.531,104.451,3.08,NA,NA,NA,57.962,65.198,48.196,56.66,47.468,57.575,39.393,49.251,40.167,60.858,51.619,59.567,NA,NA,NA,58.183,46.628,60.442,57.673,72.371,34.668,59.017,57.112,53.849,-0.435,3.425,NA,NA,NA,124.227,99.329,106.942,106.135,101.31,97.367,91.316,102.144,97.469,146.411,101.772,115.364,NA,NA,NA,116.329,103.837,102.692,99.061,96.14,104.412,NA,NA,NA,121.129,100.731,105.597,0,0,0,0,0,0,NA,NA,NA,NA,NA,NA,0,0,0,0,0,NA,NA,0.117,0.309,0.104,0.136,NA,NA,0.014,0.32,0,NA,NA,83.307,96.768,92.552,84.659,NA,NA,95.681,88.549,59.255,NA,NA,8.028,-3.979,1.842,-3.234,NA,NA,-8.688,0.71,0,NA,NA,-3.543,8.417,5.815,-1.031,NA,NA,5.005,-1.2,0,NA,NA,2.895,12.777,0.438,5.618,NA,NA,0.367,16.192,-0.021,NA,NA,0.813,1.358,0.139,1.36,NA,NA,0.854,1.666,-2.105,0.317,0.687,0.503,0.423,0.832,0.704,0.504,19.636,542,89.597,12.649,39,0.072,114.901,213,0.393,1.288,162,208.667
"Michael King","P","SDP","SDP",29,19853,"R",650633,2024,29,"29 - 29",2024,2024,13,9,2.954,31,30,14,0,0,0,0,173.2,726,144,71,57,17,63,2,7,1,0,201,181,165,102,21,2895,1023,1872,105,11,7,3,10.417,3.265,3.19,7.463,0.881,0.22,1.192,0.29,0.752,3.333,1.097,0.228,0.404,0.368,0.127,0.103,0.061,0.429,0.387,-0.99,36.986,170.1,-0.726,3.1,36.261,3.916,31.33,3.654,-0.414,0.152,-0.262,3.565,3.497,1.745,-10.468,12.213,15.579,1.666,0.933,0.882,0.873,1.149,31,31,1.753,0.117,0.522,93.315,0.178,82.066,0.055,85.756,NA,NA,0.244,86.734,NA,NA,NA,NA,0.002,NA,2.995,1.353,-2.219,NA,11.029,NA,NA,0.198,0.262,-1.387,NA,1.56,NA,NA,0.324,0.633,0.452,0.609,0.825,0.735,0.415,0.661,0.12,0.193,0.313,0,0,0,74.659,82.864,86.308,0.277,0.087,0.19,3.63,3.685,5.441,-0.38,194,155,106,92,243,120,455,0.426,0.341,0.233,0.202,0.534,0.264,121.602,104.701,116.142,88.078,78.403,89.801,92.55,98.524,104.639,123.448,106.291,114.463,93.969,99.235,87.786,105.752,96.551,95.481,126.64,101.595,83.817,3.54,53.031,45.973,53.985,NA,NA,NA,52.163,52.953,50.782,55.064,50.842,53.093,56.281,51.396,50.438,NA,NA,NA,NA,NA,NA,NA,NA,NA,54.838,50.654,54.271,-0.175,3.814,87.735,103.371,97.245,NA,NA,NA,86.226,102.537,101.01,88.244,104.602,98.129,114.679,96.603,102.077,NA,NA,NA,NA,NA,NA,NA,NA,NA,NA,NA,NA,94.816,101.59,99.975,0,0,0,0,0,0,NA,NA,NA,NA,NA,NA,0,0,0,0,0,0.245,NA,NA,0.241,NA,NA,NA,NA,0.28,0.234,NA,86.804,NA,NA,93.803,NA,NA,NA,NA,92.956,82.967,NA,-10.148,NA,NA,-3.419,NA,NA,NA,NA,-9.307,7.165,NA,1.756,NA,NA,7.725,NA,NA,NA,NA,2.189,0.45,NA,12.047,NA,NA,-1.041,NA,NA,NA,NA,4.815,-1.215,NA,1.699,NA,NA,-0.149,NA,NA,NA,NA,0.594,-0.179,NA,0.305,0.597,0.452,0.564,0.819,0.733,0.504,18.28,455,85.65,13.841,28,0.062,112.376,137,0.301,1.072,162,173.667
"Tanner Houck","P","BOS","BOS",3,19879,"R",656557,2024,28,"28 - 28",2024,2024,9,10,3.123,30,30,19,1,1,0,0,178.2,743,156,75,62,11,48,1,16,2,0,154,292,125,105,8,2736,927,1809,107,16,2,1,7.757,2.418,3.208,7.858,0.554,0.23,1.142,0.282,0.709,3.318,2.336,0.201,0.559,0.239,0.064,0.088,0.055,0.5,0.287,-1.4,36.397,178.2,NA,NA,36.397,3.902,31.218,4.221,0.17,0.148,0.319,3.908,3.575,1.755,-11.432,13.186,20.384,2.07,0.968,0.881,0.878,0.987,29,30,3.078,-1.266,0.324,93.588,0.414,83.234,0.015,87.075,NA,NA,NA,NA,0.248,88.497,NA,NA,0.002,NA,3.58,4.516,-0.367,NA,NA,10.293,NA,0.404,0.399,-0.917,NA,NA,1.518,NA,0.338,0.637,0.465,0.652,0.887,0.789,0.425,0.649,0.098,0.193,0.291,0,0,0,73.353,80.191,87.094,0.207,0.065,0.143,3.729,4.254,5.39,-0.194,236,187,101,66,298,160,525,0.45,0.357,0.193,0.126,0.569,0.305,89.861,77.641,115.739,96.394,48.064,97.035,91.21,99.331,97.939,91.171,78.773,103.735,134.854,61.2,76.326,110.249,101.802,80,77.812,107.863,98.217,4.05,NA,NA,NA,NA,NA,NA,NA,NA,NA,54.998,47.376,49.248,58.535,45.986,54.839,NA,NA,NA,52.307,57.152,55.405,53.1,43.312,63.076,57.976,48.886,55.832,-0.37,3.522,NA,NA,NA,NA,NA,NA,NA,NA,NA,93.017,101.849,96.876,116.465,97.86,108.104,NA,NA,NA,95.338,92.58,93.195,116.068,102.854,108.888,NA,NA,NA,108.422,100.287,104.41,0,0,0,0,0,0,NA,NA,NA,NA,NA,NA,0,0,0,0,0,0.248,NA,NA,0,0.01,NA,NA,NA,0.323,0.418,NA,88.554,NA,NA,93.768,87.954,NA,NA,NA,93.665,83.348,NA,-7.828,NA,NA,-5.601,-0.131,NA,NA,NA,-9.271,9.559,NA,-2.811,NA,NA,5.066,-0.003,NA,NA,NA,-0.756,-2.461,NA,11.306,NA,NA,0,-0.765,NA,NA,NA,6.757,6.437,NA,1.665,NA,NA,0,-2.733,NA,NA,NA,0.764,0.563,NA,0.294,0.619,0.466,0.582,0.877,0.79,0.53,17.265,525,89.319,3.876,30,0.057,113.831,217,0.413,1.103,162,178.667
"Sonny Gray","P","STL","STL",28,12768,"R",543243,2024,34,"34 - 34",2024,2024,13,9,3.842,28,28,13,0,0,0,0,166.1,671,142,79,71,21,39,0,3,7,1,203,176,147,93,11,2486,835,1651,81,10,9,2,10.984,2.11,5.205,7.683,1.136,0.226,1.088,0.299,0.679,3.124,1.197,0.224,0.423,0.353,0.075,0.143,0.057,0.222,0.392,-0.4,35.585,166.1,NA,NA,35.585,3.838,30.7,2.418,-1.246,-0.173,-1.419,3.471,2.819,1.207,-11.031,12.238,5.729,0.657,0.996,0.917,0.871,1.119,28,28,0.608,0.604,0.417,92.568,0.203,84.801,0.177,87.743,0.139,79.98,0.064,88.354,NA,NA,NA,NA,0.001,NA,5.507,5.043,-0.75,2.199,-3.866,NA,NA,0.532,1.003,-0.17,0.636,-2.447,NA,NA,0.339,0.678,0.483,0.52,0.859,0.723,0.426,0.636,0.134,0.178,0.312,0,0,0,94.857,78.601,69.922,0.303,0.058,0.244,3.031,3.033,4.383,0.717,179,153,93,64,216,145,426,0.421,0.36,0.219,0.151,0.508,0.341,128.226,67.673,189.48,90.684,101.121,92.355,84.494,101.518,94.526,134.896,71.193,112.391,98.402,95.21,121.72,104.463,102.033,89.685,94.316,96.681,108.428,3.7,46.64,39.195,44.893,51.348,54.394,49.666,67.383,64.265,56.772,60.919,43.766,60.367,58.182,68.484,43.279,NA,NA,NA,60.178,58.051,52.149,NA,NA,NA,61.889,57.948,53.872,-0.613,3.157,69.164,91.435,85.506,118.953,96.375,96.52,107.103,96.873,100.799,93.137,114.162,111.836,152.227,113.819,125.131,NA,NA,NA,92.308,97.872,95.718,NA,NA,NA,NA,NA,NA,110.415,102.684,104.781,2,0,1,0,1,0,-0.125,NA,0.164,NA,-0.158,NA,2,1,-0.283,0.164,-0.119,0.064,NA,0.139,0.236,0.076,NA,NA,NA,0.179,0.306,NA,88.407,NA,80.194,92.577,88.776,NA,NA,NA,92.904,85.715,NA,-6.726,NA,6.848,0.501,2.848,NA,NA,NA,-6.772,6.952,NA,2.054,NA,-9.818,6.145,0.768,NA,NA,NA,3.92,-3.239,NA,-3.821,NA,2.263,-0.002,1.552,NA,NA,NA,7.594,4.168,NA,-2.418,NA,0.656,0,0.825,NA,NA,NA,1.71,0.548,NA,0.312,0.642,0.483,0.444,0.85,0.723,0.518,20.59,426,89.554,11.474,38,0.089,113.512,161,0.378,1.027,162,166.333
"Tyler Glasnow","P","LAD","LAD",22,14374,"R",607192,2024,30,"30 - 30",2024,2024,9,6,3.493,22,22,14,0,0,0,0,134,522,92,53,52,15,35,0,0,12,1,168,153,110,52,11,2012,703,1309,82,11,2,1,11.284,2.351,4.8,6.179,1.007,0.189,0.948,0.253,0.698,2.898,1.391,0.165,0.486,0.349,0.1,0.136,0.072,0.5,0.418,-1.06,34.515,134,NA,NA,34.515,3.814,30.51,3.195,-1.695,1.075,-0.619,2.698,2.684,0.489,-7.901,8.389,10.285,1.086,0.864,0.848,0.857,0.82,22,22,2.148,-1.582,0.538,96.389,0.276,90.025,NA,NA,0.186,83.805,NA,NA,NA,NA,NA,NA,0,NA,8.824,5.63,NA,7.236,NA,NA,NA,0.816,1.014,NA,1.93,NA,NA,NA,0.314,0.674,0.483,0.475,0.841,0.715,0.469,0.64,0.138,0.167,0.304,0,0,0,86.444,70.732,66.645,0.322,0.067,0.255,2.9,2.908,5.507,0.595,120,129,68,54,170,93,319,0.379,0.407,0.215,0.17,0.536,0.293,131.724,75.386,174.732,72.93,89.657,77.282,73.591,86.066,97.162,143.504,82.128,82.992,112.97,94.09,116.187,93.891,115.337,87.917,106.691,102.016,93.237,2.62,NA,NA,NA,44.948,72.678,40.389,64.555,64.334,56.589,60.457,64.994,59.583,51.987,66.486,55.58,NA,NA,NA,NA,NA,NA,NA,NA,NA,58.672,67.703,54.647,-0.413,3.457,NA,NA,NA,138.696,97.466,110.222,118.064,100.648,102.727,101.192,106.123,108.274,108.312,103.554,109.216,NA,NA,NA,NA,NA,NA,NA,NA,NA,NA,NA,NA,117.717,101.261,106.298,1,0,0,0,0,0,-0.063,NA,NA,NA,NA,NA,1,0,-0.063,0,-0.063,NA,NA,0.185,0.452,NA,NA,NA,NA,0.086,0.277,NA,NA,NA,83.781,96.41,NA,NA,NA,NA,96.579,90.049,NA,NA,NA,1.967,-0.116,NA,NA,NA,NA,-6.167,1.46,NA,NA,NA,-8.147,8.5,NA,NA,NA,NA,7.406,-0.674,NA,NA,NA,7.044,8.766,NA,NA,NA,NA,1.258,6.677,NA,NA,NA,1.889,0.964,NA,NA,NA,NA,0.731,1.199,NA,0.29,0.654,0.484,0.396,0.84,0.715,0.532,18.425,319,88.954,9.211,26,0.082,117.572,126,0.395,0.827,162,134
"Hunter Greene","P","CIN","CIN",18,22182,"R",668881,2024,24,"24 - 24",2024,2024,9,5,2.754,26,26,13,0,0,0,0,150.1,611,96,47,46,12,57,0,19,7,1,169,123,175,64,26,2563,916,1647,65,5,4,0,10.118,3.412,2.965,5.747,0.718,0.179,1.018,0.237,0.805,3.472,0.703,0.177,0.34,0.483,0.149,0.069,0.041,0,0.39,-0.56,34.705,150.1,NA,NA,34.705,3.77,30.156,5.465,0.061,1.635,1.696,3.476,4.195,3.165,-8.653,11.818,31.288,3.119,1.036,0.959,0.873,1.271,26,26,3.136,-0.082,0.553,97.672,0.347,86.891,NA,NA,0.017,80.955,NA,NA,0.083,87.005,NA,NA,0,NA,20.683,5.607,NA,-1.322,NA,-1.668,NA,1.461,0.631,NA,-3.005,NA,-0.783,NA,0.327,0.737,0.503,0.599,0.825,0.741,0.429,0.622,0.13,0.137,0.267,0,0,0,62.788,80.602,103.162,0.277,0.093,0.183,3.805,3.766,3.891,-0.719,142,120,104,73,196,97,366,0.388,0.328,0.284,0.199,0.536,0.265,118.111,109.433,107.93,67.833,63.933,73.407,79.024,80.629,112.095,123.331,114.269,88.882,79.028,130.254,58.426,96.229,92.926,116.46,124.921,101.872,84.228,3.03,NA,NA,NA,57.405,47.238,51.292,59.673,57.629,52.88,NA,NA,NA,48.849,48.586,45.118,NA,NA,NA,NA,NA,NA,49.801,54.452,34.117,56.369,54.343,48.683,-0.27,3.672,NA,NA,NA,117.511,95.864,100.52,123.493,101.739,104.377,NA,NA,NA,124.775,95.839,103.253,NA,NA,NA,NA,NA,NA,120.401,89.444,102.62,NA,NA,NA,123.607,98.583,103.771,0,0,0,0,0,0,NA,NA,NA,NA,NA,NA,0,0,0,0,0,0,NA,0.013,0.552,NA,0.082,NA,NA,NA,0.352,NA,88.97,NA,80.561,97.795,NA,87.099,NA,NA,NA,86.92,NA,-5.314,NA,6.877,-5.225,NA,-5.538,NA,NA,NA,3.407,NA,8.04,NA,-2.33,8.621,NA,1.345,NA,NA,NA,1.126,NA,-0.035,NA,-1.137,22.156,NA,-1.656,NA,NA,NA,5.386,NA,-3.505,NA,-3.344,1.565,NA,-0.789,NA,NA,NA,0.597,NA,0.291,0.706,0.503,0.549,0.816,0.741,0.512,16.604,366,87.264,20.812,19,0.052,114.199,117,0.32,0.928,162,150.333
"Corbin Burnes","P","BAL","BAL",2,19361,"R",669203,2024,29,"29 - 29",2024,2024,15,9,2.918,32,32,22,0,0,0,0,194.1,784,165,76,63,22,48,0,2,7,3,181,264,189,95,23,2997,1064,1933,134,16,5,4,8.383,2.223,3.771,7.642,1.019,0.225,1.096,0.269,0.755,3.547,1.397,0.173,0.482,0.345,0.122,0.116,0.061,0.8,0.32,-0.58,35.245,194.1,NA,NA,35.245,3.738,29.907,4.396,-0.094,0.751,0.657,3.388,3.546,1.303,-11.639,12.942,18.061,1.891,0.878,0.816,0.868,0.649,32,32,1.719,-0.234,0.08,97,0.145,87.221,0.448,95.318,0.216,80.323,0.111,89.263,NA,NA,NA,NA,0.001,NA,-2.417,3.28,19.231,2.374,0.578,NA,NA,-1.007,0.756,1.433,0.366,0.175,NA,NA,0.36,0.679,0.487,0.564,0.871,0.735,0.399,0.639,0.129,0.156,0.286,0,0,0,74.304,87.803,86.372,0.231,0.061,0.17,3.749,3.93,6.206,-0.63,235,202,116,105,288,160,553,0.425,0.365,0.21,0.19,0.521,0.289,97.102,71.382,136.031,93.736,88.379,94.943,87.557,94.824,104.284,101.551,74.653,89.402,116.138,88.144,100.961,104.025,104.201,87.063,117.301,98.777,93.067,3.27,50.384,60.095,47.493,53.312,55.596,50.984,NA,NA,NA,38.828,63.42,30.749,58.558,71.868,47.837,NA,NA,NA,66.608,53.79,49.281,NA,NA,NA,58.963,61.616,45.241,-0.431,3.43,110.455,98.49,102.754,109.371,100.887,106.15,NA,NA,NA,103.646,94.854,88.598,133.448,104.576,120.122,NA,NA,NA,124.937,105.495,107.681,NA,NA,NA,NA,NA,NA,119.567,102.644,107.013,0,0,1,0,3,0,NA,NA,0.039,NA,-0.474,NA,0,1,-0.474,0.039,-0.435,0.11,NA,0.219,NA,0.45,NA,NA,NA,0.078,0.143,NA,89.254,NA,80.39,NA,95.321,NA,NA,NA,97.007,87.258,NA,-8.166,NA,5.802,NA,1.405,NA,NA,NA,-7.012,5.436,NA,2.863,NA,-8.888,NA,6.24,NA,NA,NA,5.031,-1.638,NA,0.663,NA,2.109,NA,18.681,NA,NA,NA,-1.64,4.035,NA,0.2,NA,0.322,NA,1.386,NA,NA,NA,-0.698,0.945,NA,0.331,0.657,0.486,0.495,0.87,0.736,0.477,19.527,553,87.506,10.982,37,0.067,114.483,175,0.316,1.2,162,194.333
"Framber Valdez","P","HOU","HOU",21,17295,"L",664285,2024,30,"30 - 30",2024,2024,15,7,2.909,28,28,17,1,0,0,0,176.1,703,140,60,57,13,55,0,6,8,1,169,281,93,90,3,2605,958,1647,101,15,9,4,8.626,2.807,3.073,7.146,0.664,0.218,1.106,0.276,0.771,3.246,3.022,0.194,0.606,0.2,0.032,0.14,0.053,0.444,0.337,-0.02,33.805,176.1,NA,NA,33.805,3.61,28.876,5.086,1.093,0.384,1.477,3.535,3.085,2.803,-10.053,12.856,25.634,2.674,0.968,0.899,0.876,1.262,27,28,2.785,0.11,0.471,94.153,NA,NA,0.043,85.062,0.313,79.692,0.173,89.922,NA,NA,NA,NA,0.003,NA,13.544,NA,-1.133,13.676,3.247,NA,NA,1.107,NA,-1.003,1.684,0.721,NA,NA,0.312,0.631,0.448,0.527,0.889,0.744,0.425,0.619,0.114,0.183,0.298,0,0,0,73.298,79.644,74.9,0.24,0.078,0.162,3.415,4.02,5.155,-0.337,197,179,97,61,260,152,473,0.416,0.378,0.205,0.129,0.55,0.321,99.919,90.141,110.847,87.652,57.555,92.102,88.34,97.213,106.595,105.744,95.396,100.03,145.995,51.224,121.242,101.953,107.954,85.116,79.672,104.256,103.367,3.36,49.086,48.349,41.381,62.44,69.354,47.09,49.794,37.784,46.843,53.281,49.694,52.114,48.17,47.371,44.337,NA,NA,NA,NA,NA,NA,NA,NA,NA,55.011,54.91,47.071,-0.186,3.798,129.719,96.294,103.54,128.952,96.466,108.48,59.962,102.35,93.608,97.826,98.741,97.467,106.861,101.84,109.88,NA,NA,NA,NA,NA,NA,NA,NA,NA,NA,NA,NA,114.001,97.421,102.315,5,0,1,0,0,1,-0.136,NA,0.164,NA,NA,0.068,5,2,-0.136,0.232,0.096,0.177,NA,0.311,0.001,0.005,NA,NA,NA,0.466,0.04,NA,89.96,NA,79.737,95.948,88.409,NA,NA,NA,94.272,84.687,NA,8.673,NA,-6.38,4.635,-0.211,NA,NA,NA,9.554,-1.755,NA,-0.46,NA,-9.874,6.334,2.577,NA,NA,NA,2.717,-2.691,NA,2.616,NA,13.317,0.01,-0.291,NA,NA,NA,16.115,-0.453,NA,0.57,NA,1.646,0.348,-2.428,NA,NA,NA,1.331,-0.435,NA,0.3,0.599,0.448,0.477,0.878,0.742,0.495,18.998,473,90.21,0.432,25,0.053,114.686,212,0.448,1.095,161,176.333
"Yusei Kikuchi","P","- - -","2 Tms",0,20633,"L",579328,2024,33,"33 - 33",2024,2024,9,10,4.047,32,32,12,0,0,0,0,175.2,736,167,85,79,25,44,0,2,4,0,206,204,185,90,15,2926,1016,1910,84,18,5,1,10.554,2.254,4.682,8.556,1.281,0.242,1.201,0.309,0.719,3.457,1.103,0.188,0.426,0.386,0.081,0.135,0.088,0.2,0.374,-0.53,33.307,175.2,NA,NA,33.307,3.543,28.348,2.323,-0.357,-0.864,-1.221,3.458,3.199,0.782,-12.555,13.337,4.389,0.459,1.009,0.946,0.873,1.175,32,32,0.789,-0.014,0.47,95.576,0.234,88.423,NA,NA,0.185,82.486,0.111,86.772,NA,NA,NA,NA,0.001,NA,-2.371,7.16,NA,1.011,-0.51,NA,NA,-0.173,1.048,NA,0.187,-0.157,NA,NA,0.309,0.701,0.483,0.563,0.829,0.734,0.443,0.654,0.128,0.168,0.297,0,0,0,101.821,84.408,77.739,0.28,0.06,0.22,3.295,3.325,4.304,0.591,196,156,132,66,244,174,484,0.405,0.322,0.273,0.136,0.504,0.36,122.257,72.387,168.894,104.953,111.103,102.222,95.951,108.932,99.377,123.116,72.895,96.897,102.67,98.707,117.209,99.13,91.945,113.195,84.243,95.616,115.639,3.75,35.636,46.964,35.821,63.428,56.161,62.627,68.12,70.393,61.33,NA,NA,NA,57.055,58.303,57.558,NA,NA,NA,NA,NA,NA,NA,NA,NA,61.768,63.119,58.307,-0.606,3.169,99.244,92.611,91.057,98.91,104.555,105.134,114.251,102.554,107.365,NA,NA,NA,111.379,100.023,105.928,NA,NA,NA,NA,NA,NA,NA,NA,NA,NA,NA,NA,109.12,101.218,104.832,2,0,1,0,0,0,-0.07,NA,0.164,NA,NA,NA,2,1,-0.07,0.164,0.094,0.111,NA,0.186,0.471,NA,NA,NA,NA,NA,0.232,NA,86.779,NA,82.54,95.576,NA,NA,NA,NA,NA,88.393,NA,7.407,NA,-2.7,4.606,NA,NA,NA,NA,NA,-1.472,NA,3.819,NA,-3.925,8.788,NA,NA,NA,NA,NA,0.832,NA,-0.481,NA,1.342,-1.161,NA,NA,NA,NA,NA,7.813,NA,-0.148,NA,0.247,-0.085,NA,NA,NA,NA,NA,1.152,NA,0.284,0.659,0.482,0.508,0.819,0.732,0.528,19.335,484,90.101,14.17,47,0.097,119.207,215,0.444,1.088,161.5,175.667
"Reynaldo López","P","ATL","ATL",16,16400,"R",625643,2024,30,"30 - 30",2024,2024,8,5,1.99,26,25,14,0,0,0,0,135.2,543,108,32,30,10,42,0,2,2,1,148,137,133,78,13,2117,737,1380,68,7,3,1,9.818,2.786,3.524,7.165,0.663,0.216,1.106,0.287,0.87,2.916,1.03,0.224,0.394,0.382,0.098,0.075,0.051,0.333,0.368,0.13,31.719,134.2,0.751,1,32.47,3.521,28.166,5.867,2.159,0.186,2.346,3.319,3.44,3.238,-6.965,10.203,35.435,3.638,0.979,0.919,0.905,1.003,26,26,2.507,0.801,0.552,95.549,0.295,85.066,NA,NA,0.115,77.008,0.038,86.136,NA,NA,NA,NA,0.003,NA,12.9,8.919,NA,3.709,-2.932,NA,NA,1.107,1.434,NA,1.533,-3.619,NA,NA,0.325,0.701,0.49,0.558,0.863,0.75,0.439,0.643,0.122,0.163,0.286,1,1,0,47.811,73.794,84.918,0.273,0.077,0.195,3.578,3.623,4.511,-0.926,128,125,98,50,194,107,351,0.365,0.356,0.279,0.142,0.553,0.305,114.617,89.352,126.542,84.562,59.037,88.541,85.851,97.653,121.024,121.531,94.742,112.683,91.564,102.975,64.063,90.449,100.935,114.431,89.219,105.141,96.881,3.88,52.879,45.37,58.936,48.781,41.992,47.09,56.176,46.68,62.679,NA,NA,NA,45.058,39.806,46.598,NA,NA,NA,NA,NA,NA,NA,NA,NA,51.815,40.727,57.705,0.013,4.096,75.123,110.288,104.701,83.525,99.173,103.643,91.426,103.397,98.653,NA,NA,NA,113.163,99.871,105.181,NA,NA,NA,NA,NA,NA,NA,NA,NA,NA,NA,NA,96.325,102.093,101.335,7,0,0,0,1,0,-0.521,NA,NA,NA,-0.158,NA,7,0,-0.679,0,-0.679,0.039,NA,0.116,0.552,NA,NA,NA,NA,NA,0.294,NA,86.319,NA,77.135,95.706,NA,NA,NA,NA,NA,85.176,NA,-5.961,NA,4.003,-4.29,NA,NA,NA,NA,NA,3.105,NA,5.328,NA,-5.806,8.62,NA,NA,NA,NA,NA,-2.068,NA,-2.964,NA,3.816,14.064,NA,NA,NA,NA,NA,9.101,NA,-3.614,NA,1.564,1.208,NA,NA,NA,NA,NA,1.468,NA,0.301,0.662,0.49,0.515,0.848,0.75,0.523,18.515,351,89.778,13.765,31,0.088,115.558,148,0.422,0.837,162,135.667
"Nick Martinez","P","CIN","CIN",18,12730,"R",607259,2024,33,"33 - 33",2024,2024,10,7,3.098,42,16,6,1,0,0,0,142.1,570,128,56,49,13,18,0,5,4,0,116,157,176,92,26,2126,691,1435,82,18,5,0,7.335,1.138,6.444,8.094,0.822,0.234,1.026,0.275,0.715,3.209,0.892,0.216,0.369,0.414,0.148,0.074,0.115,0,0.258,-0.16,20.393,89,11.807,53.1,32.2,3.465,27.722,3.314,-0.782,0.631,-0.152,3.708,3.891,1.113,-8.388,9.501,16.466,1.659,0.864,0.857,0.989,0.956,38,42,2.038,-0.749,0.4,92.359,0.059,84.96,0.206,89.087,0.119,80.897,0.216,80.137,NA,NA,NA,NA,0,NA,5.119,-0.912,5.619,-4.283,8.022,NA,NA,0.602,-0.73,1.286,-1.693,1.744,NA,NA,0.363,0.692,0.508,0.671,0.863,0.786,0.441,0.675,0.109,0.164,0.273,6,12,4,70.643,74.606,95.817,0.204,0.032,0.172,3.8,3.903,5.185,-0.11,169,147,114,85,246,99,431,0.393,0.342,0.265,0.198,0.572,0.23,85.627,36.5,234.594,95.527,73.154,95.729,79.647,93.484,99.562,90.742,38.68,108.828,85.92,111.579,62.935,97.481,96.892,108.658,123.807,108.829,73.17,3.15,66.997,54.782,61.475,55.644,38.264,58.284,52.421,40.736,57.311,50.635,36.554,59.724,44.134,40.637,52.208,NA,NA,NA,63.153,34.043,63.305,NA,NA,NA,58.462,40.622,64.203,-0.4,3.477,117.731,112.798,115.824,106.523,102.4,105.266,91.217,110.323,109.121,80.088,105.561,97.451,104.542,110.322,109.668,NA,NA,NA,96.171,108.049,103.957,NA,NA,NA,NA,NA,NA,98.632,108.565,106.97,1,0,0,0,0,0,-0.035,NA,NA,NA,NA,NA,1,0,-0.035,0,-0.035,0.217,NA,0.119,0.218,0.211,NA,NA,NA,0.177,0.058,NA,80.255,NA,81.002,92.794,89.213,NA,NA,NA,92.194,85.106,NA,-7.382,NA,-0.181,-2.731,1.045,NA,NA,NA,-7.484,0.609,NA,2.554,NA,-9.289,9.347,5.753,NA,NA,NA,7.382,0.3,NA,8.252,NA,-3.903,2.64,5.755,NA,NA,NA,3.569,-0.409,NA,1.794,NA,-1.543,0.569,1.284,NA,NA,NA,0.949,-0.333,NA,0.334,0.661,0.508,0.583,0.877,0.787,0.533,17.847,431,86.386,16.98,22,0.051,112.389,131,0.304,0.879,162,142.333
"Ranger Suárez","P","PHI","PHI",26,17277,"L",624133,2024,28,"28 - 28",2024,2024,12,8,3.465,27,27,11,1,1,0,0,150.2,626,140,63,58,14,41,1,5,1,2,145,221,110,95,12,2355,830,1525,89,11,8,1,8.662,2.449,3.537,8.363,0.836,0.241,1.201,0.299,0.739,3.366,2.009,0.223,0.519,0.258,0.109,0.127,0.05,0.125,0.319,-1.43,32.22,150.2,NA,NA,32.22,3.465,27.717,3.39,0.123,-0.197,-0.074,3.903,3.262,1.016,-9.554,10.57,10.987,1.11,0.918,0.888,0.879,0.898,26,27,0.95,0.157,0.51,91.241,0.001,82.667,0.12,86.551,0.205,74.507,0.163,80.062,NA,NA,NA,NA,0.002,NA,8.752,-0.129,-4.806,5.078,-3.535,NA,NA,0.729,-4.307,-1.698,1.051,-0.921,NA,NA,0.341,0.666,0.469,0.666,0.903,0.799,0.395,0.645,0.094,0.175,0.269,0,0,0,83.746,81.253,80.607,0.232,0.065,0.166,3.613,3.972,5.316,0.099,200,150,84,67,244,123,435,0.461,0.346,0.194,0.154,0.562,0.283,101.114,78.541,128.741,98.704,74.424,98.747,93.28,101.696,102.878,103.281,80.224,112.113,120.661,69.573,108.442,114.298,97.958,79.326,96.689,106.949,90.07,3.59,48.011,44.475,44.155,59.241,48.189,57.238,46.775,40.645,55.312,59.697,47.344,60.729,43.041,29.753,60.622,NA,NA,NA,48.953,44.108,54.451,NA,NA,NA,53.467,41.856,57.233,-0.09,3.942,72.612,99.586,98.314,84.055,106.534,108.16,68.134,100.879,91.467,87.1,106.354,103.616,22,84.55,76.6,NA,NA,NA,100.813,97.694,93.423,NA,NA,NA,NA,NA,NA,81.716,103.064,99.901,0,0,1,0,0,0,NA,NA,0.039,NA,NA,NA,0,1,0,0.039,0.039,0.164,NA,0.205,0.194,0.119,NA,NA,NA,0.315,0.003,NA,80.196,NA,74.589,92.026,86.712,NA,NA,NA,90.973,83.133,NA,6.169,NA,-6.756,3.018,-2.151,NA,NA,NA,8.82,-3.584,NA,-0.421,NA,-7.378,6.156,1.971,NA,NA,NA,1.838,-0.488,NA,-2.438,NA,5.081,3.507,-3.272,NA,NA,NA,5.858,-1.212,NA,-0.633,NA,1.052,0.769,-1.164,NA,NA,NA,0.789,-17.317,NA,0.311,0.626,0.47,0.587,0.902,0.798,0.504,17.407,435,86.911,6.305,22,0.051,115.641,149,0.343,0.93,162,150.667
"Erick Fedde","P","- - -","2 Tms",0,17425,"R",607200,2024,31,"31 - 31",2024,2024,9,9,3.299,31,31,13,0,0,0,0,177.1,726,154,66,65,20,52,0,5,3,1,154,216,202,95,34,2895,1114,1781,81,8,2,1,7.816,2.639,2.962,7.816,1.015,0.23,1.162,0.271,0.792,3.86,1.069,0.185,0.421,0.394,0.168,0.099,0.037,0.5,0.311,-1.51,32.444,176.4,NA,NA,32.444,3.446,27.565,4.754,0.576,0.732,1.308,3.786,4.116,1.212,-11.904,13.115,16.386,1.645,1.011,0.94,0.879,1.265,31,31,1.921,-0.722,0.312,93.047,0.202,83.503,0.323,89.983,NA,NA,NA,NA,0.163,87.71,NA,NA,0.002,NA,4.384,7.483,3.971,NA,NA,-2.93,NA,0.487,1.284,0.425,NA,NA,-0.621,NA,0.29,0.698,0.453,0.69,0.88,0.807,0.399,0.647,0.087,0.161,0.248,0,0,0,81.455,92.864,100.724,0.212,0.072,0.14,4.189,4.28,4.111,-0.561,189,190,136,93,263,159,515,0.367,0.369,0.264,0.181,0.511,0.309,90.747,84.705,107.126,94.72,88.732,96.252,91.952,94.249,109.751,93.687,87.473,94.566,100.562,102.337,85.421,90.181,105.025,109.191,111.975,96.947,98.928,3.88,49.521,38.066,59.105,NA,NA,NA,38.858,20,55.089,43.225,35.738,51.527,52.945,49.69,52.135,NA,NA,NA,53.462,42.327,55.079,NA,NA,NA,51.138,43.816,56.58,0.055,4.159,86.025,108.273,105.504,NA,NA,NA,17.3,112.178,75.567,76.26,105.307,93.039,126.113,100.906,106.35,NA,NA,NA,77.741,104.125,97.321,NA,NA,NA,NA,NA,NA,89.882,103.939,99.143,4,0,0,0,0,0,-0.204,NA,NA,NA,NA,NA,4,0,-0.204,0,-0.204,0.162,NA,NA,0.009,0.325,NA,NA,NA,0.301,0.202,NA,87.83,NA,NA,93.379,90.066,NA,NA,NA,93.122,83.604,NA,-6.418,NA,NA,-2.809,1.527,NA,NA,NA,-5.384,6.64,NA,1.044,NA,NA,5.801,3.187,NA,NA,NA,4.416,1.65,NA,-2.943,NA,NA,-2.285,6.442,NA,NA,NA,4.987,7.486,NA,-0.628,NA,NA,-8.463,0.685,NA,NA,NA,0.573,1.284,NA,0.24,0.664,0.453,0.618,0.874,0.807,0.502,16.892,515,88.589,14.779,39,0.076,116.533,194,0.377,1.095,162,177.333
"Max Fried","P","ATL","ATL",16,13743,"L",608331,2024,30,"30 - 30",2024,2024,11,10,3.252,29,29,16,2,1,0,0,174.1,714,146,71,63,13,57,0,7,6,0,166,281,111,86,6,2766,1009,1757,82,16,5,1,8.57,2.943,2.912,7.537,0.671,0.225,1.164,0.282,0.725,3.333,2.532,0.18,0.588,0.232,0.054,0.117,0.057,0.2,0.331,-0.06,31.603,174.1,NA,NA,31.603,3.353,26.827,4.011,0.214,0.443,0.658,3.507,3.326,1.718,-10.807,12.525,15.733,1.654,0.987,0.901,0.867,0.942,27,29,2.545,-0.804,0.494,93.784,0.158,83.799,NA,NA,0.211,74.695,0.137,85.778,NA,NA,NA,NA,0.001,NA,11.343,-0.721,NA,7.782,5.436,NA,NA,0.832,-0.165,NA,1.335,1.438,NA,NA,0.321,0.649,0.457,0.644,0.868,0.776,0.413,0.65,0.102,0.176,0.278,0,0,0,78.135,84.085,82.168,0.232,0.08,0.153,3.61,4.134,4.233,-0.08,210,150,123,73,284,126,484,0.435,0.311,0.255,0.151,0.588,0.261,100.043,94.368,106.015,88.96,59.726,91.889,90.415,95.95,100.864,103.666,97.785,90.451,136.73,62.568,99.789,107.838,88.02,104.372,94.66,111.854,82.906,3.64,59.164,52.851,57.988,64.92,64.042,59.462,54.753,55.262,46.519,44.086,54.243,47.879,48.805,54.667,49.301,NA,NA,NA,41.23,58.684,46.281,NA,NA,NA,54.068,55.787,51.06,-0.127,3.886,91.046,101.389,103.057,116.269,102.628,107.884,77.506,93.009,93.172,90.347,98.3,93.75,102.032,96.732,97.761,NA,NA,NA,92.645,96.242,93.562,NA,NA,NA,NA,NA,NA,94.106,98.085,98.849,2,0,1,0,0,1,-0.305,NA,0.039,NA,NA,0.068,2,2,-0.305,0.108,-0.198,0.136,NA,0.21,0.142,0.211,NA,NA,NA,0.167,0.135,NA,85.882,NA,74.791,94.218,93.193,NA,NA,NA,93.693,82.863,NA,7.033,NA,-6.22,0.267,-0.683,NA,NA,NA,5.931,-5.46,NA,1.45,NA,-11.47,6.283,4.439,NA,NA,NA,4.028,-4.12,NA,6.268,NA,8.031,2.424,4.449,NA,NA,NA,4.952,0.322,NA,1.671,NA,1.385,0.62,0.764,NA,NA,NA,1.074,0.086,NA,0.28,0.624,0.457,0.541,0.874,0.775,0.513,19.543,484,86.295,3.022,24,0.05,114.449,167,0.345,1.076,162,174.333
"Michael Wacha","P","KCR","KCR",7,14078,"R",608379,2024,32,"32 - 32",2024,2024,13,8,3.348,29,29,14,0,0,0,0,166.2,685,154,65,62,17,45,1,5,3,0,145,186,200,96,30,2603,927,1676,95,11,7,1,7.83,2.43,3.222,8.316,0.918,0.243,1.194,0.29,0.771,3.652,0.93,0.199,0.386,0.415,0.15,0.085,0.059,0.143,0.302,-0.22,31.469,166.2,NA,NA,31.469,3.345,26.758,4.261,1.067,-0.151,0.916,3.918,4.141,1.558,-10.871,12.429,18.974,1.844,0.962,0.914,0.877,1.169,29,29,1.465,0.155,0.391,93.64,0.08,83.889,0.125,88.546,0.081,75.236,0.322,81.271,NA,NA,NA,NA,0.001,NA,2.592,-5.495,-2.958,-3.406,18.805,NA,NA,0.255,-2.642,-0.907,-1.607,2.241,NA,NA,0.316,0.693,0.48,0.652,0.861,0.784,0.436,0.645,0.104,0.159,0.262,0,0,0,79.61,88.954,101.17,0.212,0.066,0.146,4.167,4.214,5.13,-0.304,210,153,126,104,247,138,490,0.429,0.313,0.258,0.213,0.505,0.282,90.702,78.029,116.24,102.009,79.629,102.429,95.381,101.985,106.599,93.111,80.102,102.714,93.028,106.046,73.724,105.125,89.255,106.945,131.389,95.802,90.776,4.05,79.496,68.9,68.066,39.803,49.664,38.491,56.209,41.88,61.473,42.465,25.528,54.355,25.947,34.874,29.131,NA,NA,NA,46.04,39.308,51.554,NA,NA,NA,59.057,49.36,59.599,-0.437,3.421,111.122,109.012,112.21,72.462,88.93,92.16,83.239,102.574,98.688,77.72,103.011,88.887,97.412,89.268,89.663,NA,NA,NA,78.409,99.989,92.217,NA,NA,NA,NA,NA,NA,91.081,102.321,99.349,0,0,1,0,0,0,NA,NA,0.039,NA,NA,NA,0,1,0,0.039,0.039,0.322,NA,0.082,0.238,0.114,NA,NA,NA,0.152,0.092,NA,81.338,NA,75.333,93.753,88.911,NA,NA,NA,93.768,84.201,NA,-7.594,NA,7.09,-3.865,0.677,NA,NA,NA,-7.46,1.507,NA,1.866,NA,-8.516,9.45,4.952,NA,NA,NA,7.443,-0.188,NA,18.933,NA,-3.486,2.7,-3.726,NA,NA,NA,1.693,-5.278,NA,2.259,NA,-1.644,0.436,-1.255,NA,NA,NA,0.429,-2.199,NA,0.277,0.662,0.48,0.576,0.86,0.783,0.528,17.756,490,86.901,15.736,39,0.08,117.48,158,0.322,1.029,162,166.667
"Tanner Bibee","P","CLE","CLE",5,30134,"R",676440,2024,25,"25 - 25",2024,2024,12,8,3.472,31,31,12,0,0,0,0,173.2,710,150,70,67,22,44,0,8,2,0,187,162,208,98,28,2853,963,1890,92,10,3,1,9.691,2.28,4.25,7.774,1.14,0.228,1.117,0.285,0.771,3.558,0.779,0.209,0.346,0.444,0.135,0.106,0.062,0.333,0.356,1.66,31.107,173.2,NA,NA,31.107,3.289,26.308,3.549,0.236,0.024,0.26,3.662,3.722,1.386,-11.447,12.833,13.473,1.367,0.979,0.934,0.872,1.124,31,31,1.261,0.155,0.437,94.675,0.278,86.241,NA,NA,0.105,81.332,0.18,82.52,NA,NA,NA,NA,0.001,NA,-11,13.836,NA,-3.565,0.555,NA,NA,-0.882,1.743,NA,-1.196,0.108,NA,NA,0.315,0.75,0.509,0.651,0.817,0.76,0.445,0.659,0.122,0.152,0.274,0,0,0,87.22,87.787,90.752,0.263,0.062,0.201,3.578,3.549,4.768,-0.086,192,145,134,72,259,140,471,0.408,0.308,0.285,0.153,0.55,0.297,112.259,73.22,153.317,95.355,98.896,96.281,89.237,100.379,106.553,115.853,75.564,107.99,83.449,113.587,91.738,99.787,87.82,118.082,94.438,104.296,95.611,3.8,60.288,63.644,53.22,57.991,56.548,57.073,51.199,48.486,53.298,44.891,62.348,28.16,61.059,55.088,58.97,NA,NA,NA,NA,NA,NA,NA,NA,NA,56.3,54.663,55.809,-0.266,3.678,82.325,99.516,107.91,119.051,108.633,112.125,91.713,102.846,98.146,88.9,64.1,93.1,113.169,101.94,109.184,NA,NA,NA,NA,NA,NA,NA,NA,NA,NA,NA,NA,98.877,102.54,104.41,1,0,1,0,0,0,-0.048,NA,0.039,NA,NA,NA,1,1,-0.048,0.039,-0.009,0.18,NA,0.13,0.434,NA,NA,NA,NA,0.003,0.254,NA,82.526,NA,81.88,94.683,NA,NA,NA,NA,93.759,86.429,NA,-7.93,NA,8.33,-2.479,NA,NA,NA,NA,-8.238,4.886,NA,5.444,NA,-3.117,8.247,NA,NA,NA,NA,3.97,1.161,NA,0.672,NA,0.3,-8.502,NA,NA,NA,NA,-0.127,10.819,NA,0.131,NA,0.081,-0.687,NA,NA,NA,NA,-1.407,1.496,NA,0.277,0.712,0.509,0.62,0.805,0.758,0.534,19.776,471,88.374,17.694,33,0.07,116.654,174,0.369,1.079,161,173.667
"MacKenzie Gore","P","WSN","WSN",24,22201,"L",669022,2024,25,"25 - 25",2024,2024,10,12,3.896,32,32,11,0,0,0,0,166.1,731,171,93,72,15,65,0,11,14,0,181,184,166,120,11,2995,1074,1921,93,13,3,0,9.794,3.517,2.785,9.253,0.812,0.261,1.419,0.34,0.681,3.533,1.108,0.255,0.391,0.353,0.066,0.09,0.071,0,0.357,-1.02,30.568,166.1,NA,NA,30.568,3.234,25.876,1.147,-0.362,-1.725,-2.087,4.255,3.87,-0.512,-14.169,13.657,-6.981,-0.747,1.04,0.937,0.873,0.986,32,32,-0.879,0.387,0.553,96.054,0.157,90.749,NA,NA,0.197,82.912,0.093,85.91,NA,NA,NA,NA,0,NA,-3.037,-4.044,NA,2.872,-3.597,NA,NA,-0.183,-0.86,NA,0.487,-1.298,NA,NA,0.315,0.747,0.502,0.581,0.846,0.752,0.433,0.581,0.125,0.137,0.261,0,0,0,95.096,86.697,95.307,0.248,0.089,0.159,3.981,4.062,5.032,0.363,178,172,123,74,257,142,474,0.376,0.364,0.26,0.156,0.543,0.3,114.33,112.788,101.367,109.204,72.229,106.801,110.169,115.485,94.838,110.405,108.915,128.359,91.055,95.164,76.992,93.338,103.064,106.578,97.986,103.36,95.409,4.19,42.71,49.664,39.163,53.307,65.586,53.329,63.872,68.02,55.094,NA,NA,NA,31.656,42.764,42.813,NA,NA,NA,NA,NA,NA,NA,NA,NA,54.329,61.551,50.477,-0.144,3.862,91.764,91.106,93.945,103.822,103.558,102.277,123.696,98.454,102.764,NA,NA,NA,89.358,91.99,92.101,NA,NA,NA,NA,NA,NA,NA,NA,NA,NA,NA,NA,110.161,98.303,100.785,0,0,1,0,0,0,NA,NA,0.164,NA,NA,NA,0,1,0,0.164,0.164,0.093,NA,0.194,0.553,NA,NA,NA,NA,NA,0.16,NA,85.978,NA,82.91,96.128,NA,NA,NA,NA,NA,90.696,NA,7.119,NA,-0.315,3.338,NA,NA,NA,NA,NA,-1.053,NA,4.225,NA,-7.131,9.26,NA,NA,NA,NA,NA,3.516,NA,-3.733,NA,3.08,-0.007,NA,NA,NA,NA,NA,-2.997,NA,-1.348,NA,0.529,0,NA,NA,NA,NA,NA,-0.627,NA,0.293,0.7,0.502,0.526,0.84,0.751,0.514,19.151,474,88.037,13.496,32,0.068,113.221,179,0.378,1.027,162,166.333
"Jack Flaherty","P","- - -","2 Tms",0,17479,"R",656427,2024,28,"28 - 28",2024,2024,13,7,3.167,28,28,15,0,0,0,0,162,649,135,61,57,24,38,0,4,6,0,194,162,155,93,14,2646,948,1698,100,6,3,0,10.778,2.111,5.105,7.5,1.333,0.222,1.068,0.285,0.809,3.475,1.045,0.227,0.395,0.378,0.09,0.155,0.037,0,0.394,-0.09,30.131,161.3,NA,NA,30.131,3.216,25.725,4.026,0.697,0.113,0.81,3.812,2.996,1.698,-9.924,11.621,17.82,1.853,0.929,0.919,0.881,1.023,28,28,1.305,0.523,0.465,93.245,0.292,84.796,NA,NA,0.217,77.423,0.026,85.853,NA,NA,NA,NA,0.029,NA,2.405,-1.255,NA,12.268,-0.414,NA,NA,0.201,-0.168,NA,2.199,-0.609,NA,NA,0.329,0.681,0.463,0.547,0.843,0.712,0.38,0.612,0.133,0.18,0.313,0,0,0,79.07,84.914,73.01,0.299,0.059,0.24,3.095,3.082,5.556,-0.308,180,141,92,65,224,124,413,0.436,0.341,0.223,0.157,0.542,0.3,125.153,67.745,184.697,90.66,116.782,92.798,84.328,99.112,112.126,132.052,71.556,115.776,94.198,98.749,133.41,107.166,97.137,92.016,97.684,102.983,96.129,3.51,29.029,42.89,26.161,NA,NA,NA,53.336,48.13,59.183,20,56.658,20,51.144,43.308,59.487,52.954,45.14,51.965,NA,NA,NA,NA,NA,NA,50.065,43.802,56.164,0.121,4.259,86.507,82.935,81.161,NA,NA,NA,91.543,104.273,101.278,74.772,84.606,72.241,94.9,102.247,102.127,101.325,102.592,106.54,NA,NA,NA,NA,NA,NA,NA,NA,NA,94.084,102.394,101.507,0,0,0,0,0,0,NA,NA,NA,NA,NA,NA,0,0,0,0,0,0.028,NA,0.218,0.441,NA,NA,NA,NA,0.022,0.29,0,85.854,NA,77.414,93.402,NA,NA,NA,NA,90.499,84.819,80.788,-7.05,NA,7.758,-2.358,NA,NA,NA,NA,-6.477,3.921,0,1.664,NA,-6.541,7.876,NA,NA,NA,NA,3.758,-0.036,0,-1.775,NA,12.32,5.975,NA,NA,NA,NA,-1.382,0.009,-0.024,-2.501,NA,2.204,0.528,NA,NA,NA,NA,-2.425,0.001,-2.424,0.332,0.62,0.464,0.517,0.835,0.711,0.457,17.786,413,88.36,13.961,32,0.077,117.509,144,0.349,1,162,162
"Pablo López","P","MIN","MIN",8,17085,"R",641154,2024,28,"28 - 28",2024,2024,15,10,4.079,32,32,18,0,0,0,0,185.1,772,180,90,84,26,41,0,8,3,0,198,223,188,109,15,2986,995,1991,116,15,3,0,9.615,1.991,4.829,8.741,1.263,0.249,1.192,0.309,0.722,3.647,1.186,0.21,0.429,0.362,0.08,0.138,0.067,0,0.343,0.35,30.458,185.1,NA,NA,30.458,3.2,25.598,2.333,0.074,-0.941,-0.866,3.916,3.357,-0.03,-11.998,11.968,-0.551,0.01,0.861,0.835,0.873,1.058,32,32,0.789,-0.823,0.482,94.994,0.219,84.504,NA,NA,0.1,82.477,0.2,88.544,NA,NA,NA,NA,NA,NA,12.771,-5.551,NA,-3.673,-1.01,NA,NA,0.888,-0.85,NA,-1.232,-0.169,NA,NA,0.358,0.723,0.515,0.625,0.83,0.749,0.432,0.675,0.129,0.148,0.278,0,0,0,101.896,89.079,81.662,0.256,0.053,0.203,3.455,3.526,5.633,0.432,229,166,128,70,297,156,525,0.438,0.317,0.245,0.134,0.568,0.298,111.38,63.933,174.214,107.223,109.52,105.15,95.257,108.667,99.736,112.816,64.757,108.101,103.384,92.399,119.952,107.184,90.543,101.58,82.686,107.706,95.945,3.7,63.384,56.896,58.472,50.124,56.617,43.585,60.509,48.255,63.244,73.618,64.832,55.038,58.05,66.246,51.827,NA,NA,NA,NA,NA,NA,NA,NA,NA,62.189,56.276,59.558,-0.632,3.129,95.166,104.105,104.76,91.8,103.265,107.627,96.664,105.145,100.876,97.42,107.446,106.754,105.609,102.641,109.502,NA,NA,NA,NA,NA,NA,NA,NA,NA,NA,NA,NA,97.885,104.34,104.624,0,0,0,0,0,0,NA,NA,NA,NA,NA,NA,0,0,0,0,0,0.2,NA,0.097,0.402,NA,NA,NA,NA,0.079,0.222,NA,88.536,NA,82.448,95.106,NA,NA,NA,NA,94.562,84.496,NA,-9.696,NA,3.828,-3.177,NA,NA,NA,NA,-7.997,7.361,NA,2.753,NA,-7.484,7.445,NA,NA,NA,NA,3.969,-1.459,NA,-0.659,NA,-3.756,20.207,NA,NA,NA,NA,-5.522,-5.549,NA,-0.111,NA,-1.3,1.684,NA,NA,NA,NA,-2.33,-0.84,NA,0.32,0.687,0.517,0.529,0.835,0.748,0.536,19.882,525,87.889,13.323,43,0.082,113.047,195,0.371,1.144,162,185.333
"Aaron Nola","P","PHI","PHI",26,16149,"R",605400,2024,31,"31 - 31",2024,2024,14,8,3.567,33,33,20,1,1,0,0,199.1,820,189,84,79,30,50,0,3,2,0,197,252,192,122,16,3193,1101,2092,125,12,4,2,8.895,2.258,3.94,8.533,1.355,0.246,1.199,0.294,0.79,3.944,1.312,0.216,0.445,0.339,0.083,0.156,0.048,0.5,0.338,-1.29,30.23,199.1,NA,NA,30.23,3.16,25.282,4.353,1.225,-0.033,1.192,4.325,3.444,1.435,-12.738,14.173,13.516,1.468,0.932,0.93,0.87,1.116,32,33,1.684,-0.144,0.483,92.124,NA,NA,0.092,87.52,0.329,79.166,0.096,85.758,NA,NA,NA,NA,0.001,NA,3.624,NA,-7.669,9.795,-5.36,NA,NA,0.235,NA,-2.608,0.934,-1.752,NA,NA,0.347,0.686,0.482,0.627,0.882,0.772,0.399,0.665,0.11,0.17,0.28,0,0,0,86.219,94.918,85.015,0.24,0.061,0.179,3.68,3.815,5.644,-0.377,272,179,119,91,305,174,570,0.477,0.314,0.209,0.16,0.535,0.305,103.836,72.397,143.426,100.718,120.543,100.806,93.099,100.05,109.95,107.122,74.688,108.364,103.554,91.4,133.131,118.357,89.005,85.565,99.991,101.79,97.015,3.75,47.408,46.817,53.657,NA,NA,NA,49.002,46.895,53.611,61.555,45.267,60.318,NA,NA,NA,67.814,59.559,63.004,41.775,47.383,52.626,NA,NA,NA,56.85,49.439,60.524,-0.3,3.627,77.709,102.451,90.962,NA,NA,NA,89.802,103.476,98.905,100.171,109.388,105.911,NA,NA,NA,134.948,105.807,112.702,68.533,98.606,91.825,NA,NA,NA,NA,NA,NA,103.754,104.896,103.498,2,0,2,0,0,0,-0.114,NA,0.224,NA,NA,NA,2,2,-0.114,0.224,0.11,0.096,NA,0.329,0.276,0.092,NA,NA,NA,0.207,NA,NA,85.836,NA,79.186,92.597,87.578,NA,NA,NA,91.64,NA,NA,-8.847,NA,8.143,-6.924,-0.71,NA,NA,NA,-9.789,NA,NA,0.702,NA,-7.208,7.486,3.835,NA,NA,NA,3.959,NA,NA,-5.139,NA,9.837,7.393,-7.487,NA,NA,NA,-2.485,NA,NA,-1.674,NA,0.938,0.841,-2.555,NA,NA,NA,-0.376,NA,NA,0.332,0.642,0.482,0.582,0.875,0.771,0.485,21.081,570,88.487,12.03,41,0.072,120.517,215,0.377,1.23,162,199.333
"Nestor Cortes","P","NYY","NYY",9,17874,"L",641482,2024,29,"29 - 29",2024,2024,9,10,3.769,31,30,13,0,0,0,0,174.1,710,162,74,73,24,39,0,4,2,1,162,155,244,100,32,2851,997,1854,84,6,6,2,8.363,2.013,4.154,8.363,1.239,0.243,1.153,0.287,0.764,3.838,0.635,0.2,0.311,0.489,0.131,0.098,0.039,0.333,0.317,2.26,27.572,170,2.215,4.1,29.787,3.147,25.173,3.323,0.197,-0.021,0.176,3.882,4.164,0.521,-11.945,12.465,11.487,1.173,0.944,0.889,0.915,1.14,30,31,1.284,-0.732,0.457,92.073,0.166,78.258,0.281,87.546,NA,NA,0.097,83.629,NA,NA,NA,NA,0.001,NA,3.347,-5.639,10.117,NA,-3.563,NA,NA,0.257,-1.192,1.265,NA,-1.296,NA,NA,0.31,0.755,0.502,0.707,0.834,0.79,0.432,0.589,0.106,0.146,0.252,0,1,0,93.513,91.004,101.749,0.228,0.055,0.173,4.015,3.887,4.337,-0.069,187,190,128,83,262,160,505,0.37,0.376,0.253,0.164,0.519,0.317,96.879,64.651,149.848,102.589,107.474,102.58,92.103,101.021,105.622,100.365,66.978,103.349,74.883,124.968,85.312,90.645,107.327,105.2,101.537,98.4,101.913,3.64,48.166,51.856,45.863,NA,NA,NA,56.528,56.6,56.332,26.024,20,44.238,50.615,43.579,48.468,NA,NA,NA,51.95,47.137,53.219,NA,NA,NA,53.946,51.366,54.876,-0.12,3.898,86.303,101.841,94.387,NA,NA,NA,98.639,102.861,100.267,86.197,116.213,113.439,99.197,98.331,100.681,NA,NA,NA,108.527,99.755,102.5,NA,NA,NA,NA,NA,NA,100.504,101.007,100.544,1,0,0,0,0,0,-0.021,NA,NA,NA,NA,NA,1,0,-0.021,0,-0.021,0.096,NA,NA,0.456,0.281,NA,NA,NA,NA,0.167,NA,83.601,NA,NA,92.056,87.512,NA,NA,NA,NA,78.209,NA,7.847,NA,NA,2.809,-2.748,NA,NA,NA,NA,-8.505,NA,1.198,NA,NA,9.934,3.873,NA,NA,NA,NA,-0.545,NA,-2.532,NA,NA,3.865,10.394,NA,NA,NA,NA,-5.911,NA,-0.924,NA,NA,0.298,1.298,NA,NA,NA,NA,-1.244,NA,0.27,0.71,0.502,0.659,0.832,0.788,0.527,16.97,505,89.722,22.388,40,0.079,117.363,219,0.434,1.076,162,174.333
"Brandon Pfaadt","P","ARI","ARI",15,27782,"R",694297,2024,25,"25 - 25",2024,2024,11,10,4.706,32,32,13,0,0,0,0,181.2,760,183,103,95,24,42,1,4,1,0,185,217,203,103,20,2797,928,1869,105,13,4,1,9.165,2.081,4.405,9.066,1.189,0.256,1.239,0.315,0.645,3.607,1.069,0.197,0.415,0.388,0.099,0.118,0.06,0.25,0.33,-0.23,29.851,181.2,NA,NA,29.851,3.137,25.095,1.233,-1.056,-0.848,-1.903,3.77,3.579,-0.473,-13.115,12.642,-9.887,-0.999,0.939,0.881,0.85,1.148,32,32,0.344,-0.847,0.557,93.785,0.273,84.86,NA,NA,0.053,80.845,0.113,87.498,0.004,89.818,NA,NA,0.003,NA,1.519,-2.511,NA,-1.977,2.612,0.053,NA,0.098,-0.329,NA,-1.336,0.829,0.48,NA,0.326,0.694,0.491,0.6,0.866,0.768,0.449,0.708,0.114,0.176,0.29,0,0,0,112.561,91.887,88.278,0.243,0.055,0.188,3.65,3.708,5.202,1.1,225,170,132,69,297,161,529,0.427,0.323,0.25,0.131,0.564,0.306,106.993,66.727,160.345,107.004,105.812,104.851,96.168,106.984,89.746,108.539,67.691,99.01,96.503,104.581,100.734,105.894,91.427,102.657,82.003,107.207,97.091,3.75,52.491,50.647,54.664,58.329,46.832,62.457,65.836,57.948,67.796,56.482,52.037,51.278,66.59,63.756,58.037,NA,NA,NA,NA,NA,NA,NA,NA,NA,65.327,56.961,63.576,-0.827,2.837,91.889,101.618,96.43,106.022,101.822,103.613,95.356,105.777,102.65,88.888,106.055,104.199,143.341,108.622,118.847,NA,NA,NA,NA,NA,NA,NA,NA,NA,NA,NA,NA,107.254,106.002,106.796,3,0,1,0,0,0,-0.121,NA,0.039,NA,NA,NA,3,1,-0.121,0.039,-0.082,0.112,NA,0.053,0.335,NA,0.006,NA,NA,0.221,0.273,NA,87.533,NA,80.824,93.881,NA,89.724,NA,NA,93.723,84.871,NA,-8.978,NA,7.377,-3.226,NA,-2.195,NA,NA,-8.767,6.561,NA,0.963,NA,-6.089,7.575,NA,3.552,NA,NA,2.814,2.554,NA,2.581,NA,-1.953,3.914,NA,0.072,NA,NA,-0.996,-0.603,NA,0.822,NA,-1.311,0.419,NA,0.452,NA,NA,-0.161,-0.079,NA,0.297,0.656,0.491,0.551,0.853,0.769,0.541,19.069,529,89.38,14.081,43,0.081,115.537,205,0.388,1.121,162,181.667
"Hunter Brown","P","HOU","HOU",21,25880,"R",686613,2024,25,"25 - 25",2024,2024,11,9,3.494,31,30,19,0,0,0,0,170,712,156,71,66,18,60,0,5,4,1,179,228,142,96,19,2890,1069,1821,89,17,2,1,9.476,3.176,2.983,8.259,0.953,0.241,1.271,0.307,0.766,3.584,1.606,0.206,0.489,0.305,0.134,0.127,0.075,0.5,0.361,-0.43,29.287,165,0.339,5,29.625,3.129,25.03,3.274,0.947,-0.802,0.145,3.785,3.471,1.808,-10.9,12.708,11.791,1.31,0.964,0.898,0.846,0.951,31,31,1.327,0.548,0.53,95.878,0.054,89.191,0.168,92.515,0.125,82.897,NA,NA,0.124,88.361,NA,NA,0,NA,4.8,1.329,1.768,-3.906,NA,3.062,NA,0.314,0.846,0.365,-1.085,NA,0.858,NA,0.306,0.677,0.462,0.672,0.843,0.778,0.421,0.601,0.103,0.167,0.27,0,0,0,88.034,88.138,84.495,0.251,0.084,0.167,3.744,3.96,4.712,-0.09,164,177,127,90,276,102,468,0.35,0.378,0.271,0.192,0.59,0.218,109.774,101.999,103.414,101.308,82.66,101.835,101.499,107.981,105.588,110.585,102.753,106.241,117.95,77.878,109.945,85.781,107.888,112.631,118.804,111.854,70.106,3.27,56.049,54.679,57.042,NA,NA,NA,53.776,54.201,50.283,51.704,49.993,51.712,51.194,39.386,62.307,49.74,52.308,49.338,45.37,43.105,53.634,NA,NA,NA,50.572,49.523,52.441,0.09,4.212,84.195,100.945,102.029,NA,NA,NA,110.171,101.458,101.681,92.996,102.005,98.111,109.919,103.345,107.082,127.391,99.706,105.502,89.948,102.575,100.722,NA,NA,NA,NA,NA,NA,102.85,100.988,101.364,1,0,0,0,0,0,-0.038,NA,NA,NA,NA,NA,1,0,-0.038,0,-0.038,0.124,NA,0.125,0.348,0.177,NA,NA,NA,0.18,0.046,NA,88.449,NA,82.986,96.125,92.33,NA,NA,NA,95.643,89.67,NA,-8.011,NA,2.748,-2.916,1.871,NA,NA,NA,-7.857,2.312,NA,3.98,NA,-10.121,9.14,4.636,NA,NA,NA,6.804,1.505,NA,3.736,NA,-2.855,-0.255,4.546,NA,NA,NA,5.566,-0.062,NA,1.041,NA,-0.793,-0.025,0.89,NA,NA,NA,1.07,-0.047,NA,0.272,0.655,0.462,0.618,0.842,0.776,0.497,19.842,468,86.188,9.581,21,0.045,113.991,142,0.303,1.056,161,170
"Joe Ryan","P","MIN","MIN",8,21390,"R",657746,2024,28,"28 - 28",2024,2024,7,7,3.6,23,23,13,0,0,0,0,135,538,110,59,54,19,23,0,5,2,1,147,128,163,68,31,2108,676,1432,67,8,4,3,9.8,1.533,6.391,7.333,1.267,0.216,0.985,0.265,0.709,3.441,0.785,0.189,0.357,0.454,0.19,0.117,0.062,0.75,0.351,0.62,28.968,135,NA,NA,28.968,3.121,24.967,2.361,-1.373,0.613,-0.76,3.3,3.437,0.468,-8.361,8.829,7.1,0.717,0.885,0.88,0.879,1.039,23,23,0.886,-0.357,0.546,93.912,0.233,83.137,NA,NA,NA,NA,NA,NA,0.222,88.559,NA,NA,0.001,NA,11.348,-0.791,NA,NA,NA,1.103,NA,0.988,-0.161,NA,NA,NA,0.236,NA,0.324,0.707,0.508,0.621,0.817,0.752,0.481,0.704,0.126,0.17,0.296,0,0,0,89.927,83.939,83.647,0.273,0.043,0.23,3.279,3.2,4.467,0.159,155,120,88,72,189,102,363,0.427,0.331,0.242,0.198,0.521,0.281,113.522,49.237,230.563,89.955,109.874,91.096,78.7,93.145,98.002,120.187,52.128,97.683,85.954,116.039,101.101,104.525,94.302,100.618,122.535,98.751,90.384,2.9,NA,NA,NA,NA,NA,NA,66.629,49.796,67.317,68.928,59.771,63.838,64.307,56.177,52.692,NA,NA,NA,NA,NA,NA,53.49,53.267,53.887,65.709,52.858,63.2,-0.851,2.801,NA,NA,NA,NA,NA,NA,93.768,109.884,105.237,109.845,108.29,104.943,107.705,103.36,112.287,NA,NA,NA,NA,NA,NA,101.337,103.26,94.174,NA,NA,NA,98.964,106.974,104.249,2,0,0,0,0,0,-0.084,NA,NA,NA,NA,NA,2,0,-0.084,0,-0.084,0.221,NA,NA,0.485,0.01,NA,NA,NA,0.061,0.223,NA,88.567,NA,NA,94.027,89.178,NA,NA,NA,92.826,82.812,NA,-8.304,NA,NA,-6.822,0.292,NA,NA,NA,-9.211,6.856,NA,-1.007,NA,NA,7.069,2.714,NA,NA,NA,3.434,0.367,NA,1.19,NA,NA,14.101,0.08,NA,NA,NA,-1.203,-0.618,NA,0.257,NA,NA,1.384,0.365,NA,NA,NA,-0.932,-0.132,NA,0.291,0.669,0.508,0.584,0.809,0.754,0.572,17.489,363,88.33,18.502,31,0.085,116.44,132,0.364,0.833,162,135
"Blake Snell","P","SFG","SFG",30,13543,"L",605483,2024,31,"31 - 31",2024,2024,5,3,3.115,20,20,10,1,1,0,0,104,418,65,38,36,6,44,0,1,8,0,145,95,92,39,9,1774,664,1110,44,6,2,1,12.548,3.808,3.295,5.625,0.519,0.174,1.048,0.266,0.709,2.426,1.033,0.173,0.42,0.407,0.098,0.065,0.063,0.5,0.467,1.8,27.901,104,NA,NA,27.901,3.065,24.52,2.524,-1.082,0.541,-0.541,2.272,3.014,1.571,-6.303,7.874,14.771,1.475,1.048,0.988,0.879,1.309,19,20,2.155,-0.656,0.464,95.918,0.099,88.761,NA,NA,0.261,81.158,0.177,85.527,NA,NA,NA,NA,0.001,NA,8.827,0.166,NA,10.306,2.875,NA,NA,1.074,0.094,NA,2.231,0.918,NA,NA,0.346,0.651,0.455,0.494,0.783,0.641,0.356,0.648,0.163,0.165,0.328,0,0,0,77.326,62.815,74.616,0.347,0.105,0.242,3.162,3.066,3.808,0.689,92,76,60,39,131,58,228,0.404,0.333,0.263,0.171,0.575,0.254,146.486,122.109,119.963,66.39,46.208,71.29,81.38,90.305,98.63,154.674,128.935,86.756,97.769,109.683,55.568,100.081,94.475,107.855,107.133,109.299,80.846,2.54,70.026,61.88,64.034,61.541,72.038,47.925,58.82,65.426,43.309,NA,NA,NA,38.569,46.751,33.105,NA,NA,NA,NA,NA,NA,NA,NA,NA,59.768,65.887,45.835,-0.481,3.355,109.64,107.561,115.549,148.492,99.358,108.912,116.155,95.699,99.824,NA,NA,NA,105.508,86.736,90.666,NA,NA,NA,NA,NA,NA,NA,NA,NA,NA,NA,NA,122.344,97.85,104.059,0,0,1,0,0,0,NA,NA,0.039,NA,NA,NA,0,1,0,0.039,0.039,0.176,NA,0.26,0.464,NA,NA,NA,NA,NA,0.1,NA,85.676,NA,81.311,96.104,NA,NA,NA,NA,NA,88.881,NA,7.838,NA,-7.153,3.263,NA,NA,NA,NA,NA,-1.468,NA,4.74,NA,-6.337,9.896,NA,NA,NA,NA,NA,2.968,NA,2.888,NA,10.389,9.479,NA,NA,NA,NA,NA,0.232,NA,0.926,NA,2.259,1.153,NA,NA,NA,NA,NA,0.131,NA,0.315,0.634,0.454,0.422,0.779,0.639,0.435,18.915,228,86.499,14.591,13,0.057,111.623,66,0.289,0.642,162,104
"Shota Imanaga","P","CHC","CHC",17,33829,"L",684007,2024,30,"30 - 30",2024,2024,15,3,2.908,29,29,19,0,0,0,0,173.1,694,149,66,56,27,28,0,3,3,0,174,181,221,84,24,2594,816,1778,112,17,3,2,9.035,1.454,6.214,7.737,1.402,0.225,1.021,0.264,0.802,3.72,0.819,0.173,0.372,0.455,0.109,0.122,0.094,0.667,0.33,-0.98,28.886,173.1,NA,NA,28.886,3.042,24.336,4.315,0.09,1.183,1.273,3.412,3.623,1.656,-10.566,12.222,18.307,1.92,0.937,0.927,0.872,0.903,29,29,1.96,-0.192,0.52,91.707,0.076,81.653,0.005,89.667,0.033,72.541,0.021,88.741,0.346,82.798,NA,NA,0.002,NA,4.29,0.357,-1.096,-1.273,0.414,10.188,NA,0.318,0.182,-9.131,-1.498,0.767,1.137,NA,0.389,0.767,0.555,0.6,0.83,0.739,0.438,0.68,0.145,0.129,0.274,0,0,0,72.612,93.755,89.345,0.251,0.04,0.21,3.498,3.441,5.815,-0.813,220,163,106,81,257,151,489,0.45,0.333,0.217,0.166,0.526,0.309,105.47,46.623,226.216,91.312,124.762,91.938,79.29,89.729,111.577,111.793,49.419,86.893,86.622,122.523,104.096,111.587,94.475,88.843,103.745,99.978,98.137,3.46,46.072,45.501,46.156,51.773,44.277,56.763,65.535,56.526,64.112,44.487,43.778,43.066,53.535,53.369,49.074,NA,NA,NA,72.935,33.838,77.608,48.276,38.188,56.793,57.011,47.768,58.959,-0.31,3.612,82.491,105.211,103.855,69.773,96.004,96.679,95.808,104.281,105.59,76.114,102.343,91.412,102.813,104.824,103.605,NA,NA,NA,50.455,107.045,95.545,80.809,106.304,100.258,NA,NA,NA,90.084,104.795,103.249,3,1,0,0,0,0,-0.16,-0.024,NA,NA,NA,NA,4,0,-0.184,0,-0.184,0.038,0,0.032,0.518,0.005,0.308,NA,NA,0.023,0.076,NA,81.624,54.235,72.958,91.942,89.944,83.159,NA,NA,89.172,81.907,NA,6.808,-5.478,-5.304,5.792,0.546,5.768,NA,NA,8.381,-5.944,NA,4.267,-6.058,-9.001,9.589,6.96,2.682,NA,NA,4.481,0.639,NA,0.471,-0.766,-0.496,5.635,-1.128,11.19,NA,NA,-0.096,0.3,NA,0.481,-76.553,-0.591,0.421,-8.679,1.406,NA,NA,-0.163,0.153,NA,0.359,0.739,0.555,0.542,0.827,0.738,0.515,19.582,489,88.582,17.832,42,0.086,114.37,190,0.389,1.07,162,173.333
"Justin Steele","P","CHC","CHC",17,17312,"L",657006,2024,28,"28 - 28",2024,2024,5,5,3.074,24,24,11,1,0,0,0,134.2,555,111,54,46,12,37,0,4,1,0,135,165,138,65,9,2047,642,1405,80,10,11,4,9.022,2.473,3.649,7.418,0.802,0.216,1.099,0.27,0.725,3.233,1.196,0.177,0.448,0.375,0.065,0.087,0.061,0.364,0.332,-0.98,27.635,134.2,NA,NA,27.635,2.96,23.681,3.055,-0.666,0.761,0.095,3.144,3.624,1.047,-8.246,9.293,10.757,1.174,0.959,0.891,0.872,1.281,23,24,1.782,-0.69,0.649,91.625,0.296,83.305,NA,NA,0.022,80.087,0.032,86.212,NA,NA,NA,NA,0,NA,4.472,9.889,NA,1.583,0.12,NA,NA,0.337,1.632,NA,3.441,0.182,NA,NA,0.308,0.705,0.512,0.616,0.865,0.792,0.513,0.681,0.106,0.171,0.277,0,0,0,76.772,81.721,89.374,0.243,0.067,0.177,3.743,3.847,5.347,-0.159,144,126,109,66,213,100,379,0.38,0.332,0.288,0.174,0.562,0.264,105.326,79.299,132.82,87.556,71.371,88.345,85.335,91.661,100.883,108.459,81.659,88.799,104.285,101.04,74.091,94.237,94.226,117.872,109.068,106.91,83.854,2.72,39.953,38.832,37.39,58.605,50.291,46.774,63.809,55.431,59.947,59.658,62.696,52.763,61.609,54.725,54.707,NA,NA,NA,NA,NA,NA,NA,NA,NA,65.222,53.646,60.729,-0.82,2.847,69.958,92.007,93.697,92.323,119.679,107.851,88.821,102.048,99.612,63.849,103.635,95.453,130.446,105.019,109.235,NA,NA,NA,NA,NA,NA,NA,NA,NA,NA,NA,NA,99.401,102.911,102.164,1,0,0,0,0,0,-0.1,NA,NA,NA,NA,NA,1,0,-0.1,0,-0.1,0.032,NA,0.022,NA,0.596,NA,NA,NA,0.053,0.297,NA,86.339,NA,80.168,NA,91.812,NA,NA,NA,91.695,83.474,NA,6.894,NA,-6.196,NA,-0.042,NA,NA,NA,6.964,-7.347,NA,3.464,NA,-5.882,NA,6.726,NA,NA,NA,4.664,-0.661,NA,0.175,NA,1.239,NA,5.513,NA,NA,NA,-0.418,10.963,NA,0.265,NA,2.816,NA,0.452,NA,NA,NA,-0.387,1.803,NA,0.276,0.67,0.51,0.533,0.864,0.791,0.594,17.706,379,86.899,12.268,16,0.042,114.103,124,0.327,0.831,162,134.667
"Bailey Ober","P","MIN","MIN",8,21224,"R",641927,2024,28,"28 - 28",2024,2024,12,9,3.979,31,31,18,1,0,0,0,178.2,709,136,81,79,27,43,0,6,1,0,191,156,234,75,24,2697,876,1821,90,4,4,2,9.621,2.166,4.442,6.851,1.36,0.206,1.002,0.247,0.707,3.816,0.667,0.161,0.335,0.503,0.103,0.115,0.026,0.5,0.368,0.52,28.025,178.2,NA,NA,28.025,2.933,23.466,2.841,-1.522,1.43,-0.092,3.484,3.831,0.975,-10.524,11.499,7.838,0.871,0.854,0.923,0.873,1.017,30,31,1.642,-0.5,0.381,91.785,0.116,80.348,0.195,86.219,0.014,76.432,0.294,83.409,NA,NA,NA,NA,0,NA,-0.671,6.538,-4.686,1.279,14.916,NA,NA,-0.065,2.089,-0.891,3.457,1.883,NA,NA,0.371,0.737,0.523,0.632,0.797,0.728,0.416,0.674,0.142,0.152,0.294,0,0,0,99.406,93.294,93.472,0.269,0.061,0.209,3.565,3.461,4.534,0.164,206,160,103,86,241,142,469,0.439,0.341,0.22,0.183,0.514,0.303,111.451,69.554,160.238,84.036,117.976,87.03,80.033,86.833,97.638,118.498,73.951,83.179,80.876,128.61,100.078,107.52,97.318,91.151,113.282,97.461,97.39,3.24,68.306,61.902,67.499,58.326,42.775,63.99,52.454,37.965,59.47,NA,NA,NA,39.64,38.423,44.807,NA,NA,NA,54.859,49.035,63.152,NA,NA,NA,56.921,48.025,65.061,-0.305,3.62,116.414,110.778,110.559,94.448,99.116,102.658,80.98,104.077,95.901,NA,NA,NA,73.774,100.25,100.658,NA,NA,NA,83.895,103.698,99.864,NA,NA,NA,NA,NA,NA,91.244,105.432,101.595,1,0,0,0,0,0,-0.024,NA,NA,NA,NA,NA,1,0,-0.024,0,-0.024,0.294,NA,0.017,0.381,NA,NA,NA,NA,NA,0.308,NA,83.3,NA,77.014,91.715,NA,NA,NA,NA,NA,83.989,NA,-9.876,NA,4.55,-4.56,NA,NA,NA,NA,NA,4.017,NA,2.144,NA,-6.147,8.781,NA,NA,NA,NA,NA,0.819,NA,15.699,NA,1.51,-0.116,NA,NA,NA,NA,NA,1.875,NA,1.982,NA,3.282,-0.011,NA,NA,NA,NA,NA,0.226,NA,0.336,0.699,0.523,0.552,0.806,0.727,0.515,17.637,469,87.55,20.393,39,0.083,113.828,159,0.339,1.103,162,178.667
"Kevin Gausman","P","TOR","TOR",14,14107,"R",592332,2024,33,"33 - 33",2024,2024,14,11,3.829,31,31,16,2,1,0,0,181,756,165,86,77,20,56,0,2,3,2,162,204,225,104,13,2959,1032,1927,111,14,2,0,8.055,2.785,2.893,8.204,0.994,0.236,1.221,0.281,0.703,3.774,0.907,0.195,0.383,0.422,0.058,0.089,0.069,0,0.315,0.06,27.4,181,NA,NA,27.4,2.861,22.886,2.447,-0.614,0.201,-0.414,3.876,4.217,0.355,-12.327,12.682,2.875,0.317,0.913,0.863,0.864,0.928,29,31,0.391,-0.002,0.584,93.918,0.084,82.804,NA,NA,NA,NA,NA,NA,0.333,86.019,NA,NA,0.03,NA,0.164,-2.92,NA,NA,NA,3.686,NA,0.01,-1.217,NA,NA,NA,0.386,NA,0.33,0.725,0.495,0.671,0.868,0.791,0.417,0.643,0.105,0.152,0.258,0,0,0,96.276,92.076,103.071,0.214,0.074,0.14,4.239,4.283,5.519,0.055,223,172,140,73,268,194,536,0.417,0.321,0.262,0.136,0.501,0.363,93.311,89.414,104.358,100.641,86.263,99.84,97.537,98.946,97.091,94.258,90.321,100.626,92.268,107.886,77.097,102.034,91.711,108.611,84.296,95.01,116.64,4.77,NA,NA,NA,NA,NA,NA,63.347,50.849,67.306,37.907,44.197,35.558,34.083,42.007,35.788,NA,NA,NA,NA,NA,NA,53.699,53.089,59.729,54.922,49.776,59.167,-0.18,3.807,NA,NA,NA,NA,NA,NA,98.613,105.148,104.968,89.541,101.794,93.755,88.469,90.249,94.785,NA,NA,NA,NA,NA,NA,88.041,107.568,105.805,NA,NA,NA,93.9,104.513,103.776,0,0,1,0,0,0,NA,NA,0.164,NA,NA,NA,0,1,0,0.164,0.164,NA,NA,NA,0.519,NA,0.333,NA,NA,0.065,0.083,NA,NA,NA,NA,94.011,NA,86.026,NA,NA,93.304,82.778,NA,NA,NA,NA,-6.166,NA,-9.191,NA,NA,-8.967,0.804,NA,NA,NA,NA,8.839,NA,2.422,NA,NA,6.252,0.978,NA,NA,NA,NA,6.852,NA,4.462,NA,NA,-4.823,-2.868,NA,NA,NA,NA,0.461,NA,0.468,NA,NA,-2.593,-1.2,NA,0.302,0.692,0.495,0.625,0.864,0.791,0.495,19.973,536,90.167,16.09,52,0.097,117.516,222,0.414,1.117,162,181
"Zac Gallen","P","ARI","ARI",15,19291,"R",668678,2024,28,"28 - 28",2024,2024,14,6,3.649,28,28,12,0,0,0,0,148,621,133,62,60,13,54,0,4,5,0,156,187,136,82,12,2507,953,1554,112,7,2,0,9.486,3.284,2.889,8.088,0.791,0.236,1.264,0.305,0.747,3.376,1.375,0.202,0.462,0.336,0.088,0.096,0.037,0,0.359,0.08,26.87,148,NA,NA,26.87,2.842,22.733,3.223,0.733,-0.351,0.381,3.649,3.623,0.949,-9.923,10.872,12.344,1.193,0.983,0.882,0.879,0.952,28,28,1.124,-0.159,0.465,93.73,0.087,86.977,0.03,90.395,0.277,81.035,0.14,86.69,NA,NA,NA,NA,0,NA,-6.545,-1.453,-0.905,14.204,1.878,NA,NA,-0.561,-0.67,-1.19,2.044,0.534,NA,NA,0.33,0.652,0.442,0.623,0.891,0.761,0.348,0.589,0.106,0.178,0.283,0,0,0,87.262,86.123,89.353,0.251,0.087,0.164,3.852,3.995,6.811,0.273,161,152,94,54,210,143,407,0.396,0.373,0.231,0.133,0.516,0.351,110.745,105.308,105.163,95.458,70.353,96.642,98.108,103.49,103.9,112.01,106.511,101.789,107.392,90.478,81.445,98.114,105.849,94.658,83.098,98.153,111.662,3.94,57.262,45.746,64.507,NA,NA,NA,47.239,54.454,46.848,20,80,20,42.043,40.26,48.354,57.042,44.698,56.45,23.743,49.057,28.233,NA,NA,NA,47.37,46.276,50.642,0.289,4.51,88.101,107.448,98.155,NA,NA,NA,100.826,94.898,95.926,131.8,79.9,79.5,106.687,102.175,101.843,107.023,108.338,112.248,88.769,87.287,79.112,NA,NA,NA,NA,NA,NA,100.98,100.559,100.537,0,0,1,0,0,0,NA,NA,0.039,NA,NA,NA,0,1,0,0.039,0.039,0.141,NA,0.277,0.466,0.034,NA,NA,NA,NA,0.083,NA,86.715,NA,81.063,93.818,90.083,NA,NA,NA,NA,87,NA,-6.893,NA,2.635,-2.738,2.241,NA,NA,NA,NA,3.009,NA,1.732,NA,-7.765,8.798,4.085,NA,NA,NA,NA,0.42,NA,1.862,NA,15.883,-6.354,0.279,NA,NA,NA,NA,-2.537,NA,0.529,NA,2.292,-0.545,0.328,NA,NA,NA,NA,-1.226,NA,0.309,0.615,0.442,0.558,0.894,0.761,0.434,18.58,407,90.009,11.847,30,0.074,114.018,167,0.41,0.914,162,148
"Yoshinobu Yamamoto","P","LAD","LAD",22,33825,"R",808967,2024,25,"25 - 25",2024,2024,7,2,3,18,18,7,0,0,0,0,90,368,78,32,30,7,22,0,1,2,0,105,114,75,49,6,1474,493,981,60,7,2,0,10.5,2.2,4.773,7.8,0.7,0.226,1.111,0.305,0.757,2.611,1.52,0.206,0.479,0.315,0.08,0.093,0.061,0,0.364,-0.57,25.578,90,NA,NA,25.578,2.822,22.576,2.536,-0.061,-0.225,-0.286,2.844,2.86,0.963,-4.931,5.895,12.16,1.245,0.866,0.821,0.873,0.888,18,18,1.261,-0.148,0.434,95.496,0.033,86.292,0.06,91.466,0.231,78.079,NA,NA,0.242,90.256,NA,NA,0.003,NA,3.497,0.233,0.14,3.005,NA,0.772,NA,0.549,0.486,0.159,0.884,NA,0.217,NA,0.343,0.665,0.483,0.586,0.861,0.75,0.434,0.622,0.12,0.184,0.304,0,0,0,74.253,63.904,70.899,0.285,0.06,0.226,3.143,3.259,6,0.389,95,86,59,35,127,78,240,0.396,0.358,0.246,0.146,0.529,0.325,122.577,70.552,173.74,92.061,62.295,92.491,86.274,103.542,105.299,127.223,73.226,103.505,111.407,84.907,79.524,98.178,101.561,100.755,91.338,100.663,103.287,3.44,NA,NA,NA,63.953,54.202,65.029,54.908,46.962,61.608,67.541,48.787,67.208,49.163,60.559,43.881,NA,NA,NA,52.231,46.938,58.298,58.46,52.625,60.118,56.691,48.794,61.693,-0.29,3.642,NA,NA,NA,108.89,102.735,112.409,83.659,102.826,95.665,101.379,110.282,103.276,115.648,110.324,120.459,NA,NA,NA,90.765,96.646,91.363,120.822,111.717,119.23,NA,NA,NA,100.109,104.932,105.909,5,0,0,0,0,0,-0.242,NA,NA,NA,NA,NA,5,0,-0.242,0,-0.242,NA,NA,0.231,0.407,0.059,0.242,NA,NA,0.027,0.033,NA,NA,NA,78.207,95.62,91.542,90.373,NA,NA,94.826,86.205,NA,NA,NA,6.899,-4.207,1.228,-4.966,NA,NA,-8.359,3.75,NA,NA,NA,-10.709,8.087,4.14,0.532,NA,NA,6.13,-1.43,NA,NA,NA,3.883,4.354,-0.24,0.918,NA,NA,0.063,0.22,NA,NA,NA,1.142,0.728,-0.276,0.258,NA,NA,0.158,0.457,NA,0.32,0.624,0.482,0.509,0.859,0.75,0.532,18.606,240,88.388,8.369,20,0.083,112.01,99,0.412,0.556,162,90
"Bryce Miller","P","SEA","SEA",11,29837,"R",682243,2024,25,"25 - 25",2024,2024,12,8,2.945,31,31,18,0,0,0,0,180.1,704,131,62,59,21,45,1,3,2,0,171,184,213,86,16,2749,959,1790,85,13,2,0,8.534,2.246,3.8,6.538,1.048,0.2,0.976,0.237,0.782,3.582,0.864,0.178,0.381,0.441,0.075,0.099,0.071,0,0.337,2.08,26.9,180.1,NA,NA,26.9,2.805,22.443,4.491,-0.326,2.012,1.686,3.312,3.854,2.795,-9.271,12.066,23.656,2.726,0.905,0.91,0.861,1.116,31,31,3.336,-0.247,0.594,95.07,0.168,84.545,0.022,92.246,0.045,84.992,NA,NA,0.171,84.47,NA,NA,0.001,NA,23.159,-1.143,-0.144,-0.363,NA,6.971,NA,1.418,-0.247,-0.235,-0.295,NA,1.483,NA,0.304,0.718,0.487,0.638,0.847,0.774,0.442,0.622,0.11,0.162,0.272,0,0,0,77.919,90.484,94.043,0.243,0.064,0.179,3.804,3.818,4.242,-0.638,196,168,121,68,263,154,485,0.404,0.346,0.249,0.14,0.542,0.318,98.859,72.116,137.083,80.198,90.911,84.342,77.964,83.474,108.081,106.843,77.94,91.824,91.838,112.705,85.513,98.926,98.813,103.548,86.617,102.849,102.136,3.72,NA,NA,NA,NA,NA,NA,61.351,54.986,53.768,56.586,55.481,54.297,52.169,43.837,50.364,53.181,49.677,54.437,25.024,46.678,29.938,65.843,63.917,55.548,60.889,54.265,54.403,-0.551,3.251,NA,NA,NA,NA,NA,NA,124.261,101.814,105.935,100.067,101.595,98.982,121.93,96.404,101.028,91.62,104.316,111.198,92.785,79.92,84.542,94.519,106.849,110.605,NA,NA,NA,112.385,101.392,104.588,0,0,0,0,0,0,NA,NA,NA,NA,NA,NA,0,0,0,0,0,NA,NA,0.044,0.422,0.02,0.171,NA,NA,0.173,0.17,NA,NA,NA,84.977,95.307,92.302,84.564,NA,NA,94.861,84.655,NA,NA,NA,1.021,-3.58,0.253,-5.682,NA,NA,-9.168,5.309,NA,NA,NA,-5.088,9.642,6.959,-1.039,NA,NA,5.386,-2.314,NA,NA,NA,-0.343,18.402,-0.857,7.335,NA,NA,7.377,-1.126,NA,NA,NA,-0.286,1.585,-1.53,1.561,NA,NA,1.553,-0.241,NA,0.278,0.664,0.487,0.594,0.836,0.773,0.542,20.346,485,90.332,16.336,47,0.097,110.747,198,0.408,1.113,162,180.333
"Sean Manaea","P","NYM","NYM",25,15873,"L",640455,2024,32,"32 - 32",2024,2024,12,6,3.468,32,32,15,0,0,0,0,181.2,738,134,75,70,21,63,0,9,4,0,184,179,205,92,21,2997,1050,1947,100,13,5,3,9.116,3.121,2.921,6.639,1.04,0.201,1.084,0.245,0.742,3.833,0.873,0.193,0.376,0.431,0.102,0.102,0.073,0.6,0.363,0.97,26.645,181.2,NA,NA,26.645,2.777,22.214,3.538,-1.159,1.92,0.762,3.738,4.036,1.657,-11.447,13.104,13.91,1.44,0.968,0.935,0.869,1.22,32,32,2.048,-0.337,0.56,92.371,0.245,79.349,0.078,88.312,NA,NA,0.117,85.359,NA,NA,NA,NA,0,NA,20.757,2.834,1.893,NA,-4.296,NA,NA,1.238,0.386,0.809,NA,-1.224,NA,NA,0.322,0.701,0.487,0.614,0.847,0.76,0.436,0.598,0.117,0.159,0.276,0,0,0,87.497,94.984,99.322,0.249,0.085,0.164,3.965,3.998,4.954,-0.365,181,172,128,75,252,154,482,0.376,0.358,0.266,0.156,0.524,0.32,106.415,100.091,106.319,78.353,92.586,82.31,84.201,83.29,103.241,111.17,104.563,97.168,87.464,116.04,87.282,93.333,101.349,109.066,97.658,99.663,101.751,3.75,45.364,47.226,46.453,NA,NA,NA,49.193,44.488,51.112,53.082,45.282,57.475,40.344,48.945,38.546,NA,NA,NA,29.047,46.583,35.511,NA,NA,NA,48.01,46.21,51.222,0.249,4.451,82.831,97.941,94.539,NA,NA,NA,87.804,103.303,98.993,94.514,100.285,97.083,88.103,87.781,92.93,NA,NA,NA,83.792,87.542,84.838,NA,NA,NA,NA,NA,NA,90.068,97.26,96.256,1,0,0,0,0,0,-0.021,NA,NA,NA,NA,NA,1,0,-0.021,0,-0.021,0.118,NA,NA,0.307,0.13,NA,NA,NA,0.252,0.193,NA,85.534,NA,NA,92.227,87.133,NA,NA,NA,92.706,77.846,NA,8.221,NA,NA,7.956,-0.993,NA,NA,NA,9.733,-7.532,NA,1.115,NA,NA,5.365,2.949,NA,NA,NA,4.551,-0.49,NA,-4.056,NA,NA,12.717,5.308,NA,NA,NA,9.639,-0.43,NA,-1.143,NA,NA,1.384,1.361,NA,NA,NA,1.277,-0.075,NA,0.271,0.667,0.488,0.542,0.832,0.759,0.547,16.603,482,88.556,16.285,36,0.075,114.882,181,0.376,1.121,162,181.667
"Zach Eflin","P","- - -","2 Tms",0,13774,"R",621107,2024,30,"30 - 30",2024,2024,10,9,3.593,28,28,13,0,0,0,0,165.1,684,166,71,66,22,24,0,3,2,0,134,221,194,102,25,2447,782,1665,88,15,6,4,7.294,1.306,5.583,9.036,1.198,0.253,1.149,0.287,0.752,3.765,1.139,0.197,0.427,0.375,0.129,0.113,0.068,0.667,0.263,-0.2,26.464,165.1,NA,NA,26.464,2.775,22.202,3.002,0.292,-0.065,0.227,3.768,3.81,1.389,-9.57,10.959,7.467,0.819,0.866,0.872,0.875,1.041,28,28,0.634,0.971,0.371,91.934,0.103,79.714,0.285,88.199,0.18,78.868,0.061,85.745,NA,NA,NA,NA,NA,NA,-1.574,0.846,9.882,-6.326,-0.918,NA,NA,-0.173,0.336,1.418,-1.434,-0.616,NA,NA,0.355,0.675,0.499,0.675,0.892,0.808,0.45,0.665,0.096,0.18,0.276,0,0,0,92.501,94.068,92.928,0.196,0.035,0.161,3.967,4.036,4.79,-0.173,233,167,123,91,263,169,523,0.446,0.319,0.235,0.174,0.503,0.323,84.497,41.951,201.416,110.845,103.881,106.713,91.802,101.205,103.945,86.173,42.784,101.745,103.051,95.901,98.359,109.056,91.088,97.612,107.492,95.376,103.941,3.62,51.113,50.052,53.377,55.274,40.104,60.191,39.644,32.125,50.441,59.439,45.92,58.401,62.723,45.871,62.534,NA,NA,NA,55.476,44.085,56.107,NA,NA,NA,57.206,41.617,61.296,-0.322,3.594,86.821,100.588,102.856,107.668,111.91,108.43,61.028,105.155,94.14,90.524,108.511,105.369,121.975,107.12,112.866,NA,NA,NA,85.301,105.488,97.554,NA,NA,NA,NA,NA,NA,92.394,107.267,103.243,0,0,0,0,0,0,NA,NA,NA,NA,NA,NA,0,0,0,0,0,0.061,NA,0.145,0.081,0.283,NA,NA,NA,0.291,0.139,NA,85.664,NA,78.829,92.634,88.255,NA,NA,NA,91.843,79.726,NA,-8.791,NA,5.929,-4.875,0.781,NA,NA,NA,-9.111,7.628,NA,0.531,NA,-5.551,6.448,3.902,NA,NA,NA,1.633,-0.899,NA,0.529,NA,-4.943,-1.789,10.6,NA,NA,NA,0.194,0.182,NA,0.355,NA,-1.388,-0.903,1.532,NA,NA,NA,0.027,0.053,NA,0.322,0.645,0.499,0.623,0.885,0.808,0.549,17.39,523,88.107,13.259,39,0.075,115.251,188,0.359,1.021,162,165.333
"Nathan Eovaldi","P","TEX","TEX",13,9132,"R",543135,2024,34,"34 - 34",2024,2024,12,8,3.797,29,29,16,0,0,0,0,170.2,696,147,74,72,23,42,0,7,3,0,166,231,157,90,11,2623,845,1778,101,10,3,2,8.754,2.215,3.952,7.752,1.213,0.227,1.107,0.271,0.745,3.834,1.471,0.188,0.483,0.328,0.07,0.146,0.043,0.667,0.332,-0.05,25.804,170.2,NA,NA,25.804,2.694,21.553,3.193,-0.068,0.566,0.498,3.972,3.473,0.852,-11.177,12.029,8.843,0.901,0.956,0.942,0.874,1.256,29,29,1.034,-0.143,0.374,95.485,0.029,85.973,0.152,91.316,0.137,76.792,NA,NA,0.308,88.485,NA,NA,0,NA,7.551,-0.189,-5.901,-2.735,NA,12.028,NA,0.77,-0.251,-1.479,-0.76,NA,1.489,NA,0.348,0.725,0.521,0.619,0.825,0.751,0.458,0.655,0.13,0.156,0.286,0,0,0,94.235,92.104,84.565,0.239,0.06,0.178,3.636,3.828,5.326,-0.038,192,180,109,57,260,164,481,0.399,0.374,0.227,0.119,0.541,0.341,101.404,71.121,142.58,95.09,105.209,95.96,88.465,95.331,102.929,104.911,73.581,97.1,116.502,83.943,127.063,97.713,106.752,94.055,73.209,102.522,109.673,3.86,NA,NA,NA,54.494,43.229,54.892,52.87,36.773,60.753,NA,NA,NA,48.126,34.988,52.994,NA,NA,NA,60.782,44.112,66.62,59.23,56.677,60.612,54.641,44.033,60.833,-0.163,3.833,NA,NA,NA,99.138,103.755,104.436,74.754,105.428,97.823,NA,NA,NA,114.121,101.66,102.425,NA,NA,NA,91.227,107.538,99.421,126.589,100.671,109.802,NA,NA,NA,97.779,103.976,102.851,1,0,0,0,0,0,-0.035,NA,NA,NA,NA,NA,1,0,-0.035,0,-0.035,NA,NA,0.137,0.373,0.154,0.309,NA,NA,NA,0.027,0,NA,NA,76.957,95.632,91.446,88.626,NA,NA,NA,85.909,62.444,NA,NA,5.281,-7.998,0.479,-7.774,NA,NA,NA,3.051,0,NA,NA,-5.696,5.825,4.105,-0.764,NA,NA,NA,0.136,0,NA,NA,-2.819,8.048,-5.969,12.641,NA,NA,NA,-0.132,-0.024,NA,NA,-0.787,0.823,-1.481,1.561,NA,NA,NA,-0.185,-2.424,0.329,0.681,0.521,0.537,0.838,0.751,0.544,19.246,481,89.313,8.807,37,0.077,114.181,205,0.426,1.054,162,170.667
"Cade Smith","P","CLE","CLE",5,27867,"R",671922,2024,25,"25 - 25",2024,2024,6,1,1.912,74,0,0,0,0,1,2,75.1,289,51,16,16,1,17,0,3,0,1,103,72,59,34,6,1166,365,801,58,5,1,1,12.305,2.031,6.059,6.093,0.119,0.19,0.903,0.303,0.79,1.401,1.22,0.206,0.436,0.358,0.102,0.017,0.069,1,0.419,0.75,NA,NA,25.481,75.1,25.481,2.69,21.518,2.547,0.156,-0.298,-0.143,1.595,2.413,2.949,-3.766,6.715,26.336,2.804,1.152,1.02,1.192,1.16,72,74,2.245,0.314,0.691,96.053,0.101,82.102,NA,NA,NA,NA,NA,NA,0.208,88.492,NA,NA,NA,NA,23.182,-2.933,NA,NA,NA,0.487,NA,2.876,-2.486,NA,NA,NA,0.201,NA,0.3,0.704,0.497,0.57,0.8,0.729,0.489,0.633,0.135,0.188,0.322,26,33,7,48.016,33.433,58.174,0.356,0.059,0.298,2.159,2.395,6.929,0.511,55,65,46,20,101,45,166,0.331,0.392,0.277,0.12,0.608,0.271,142.543,65.216,218.569,74.74,10.363,80.074,72.107,106.7,109.206,156.77,71.726,106.267,105.196,91.386,14.701,81.105,111.7,115.014,74.432,115.399,87.198,2.5,NA,NA,NA,NA,NA,NA,67.726,55.08,63.916,NA,NA,NA,44.898,50.414,41.622,NA,NA,NA,NA,NA,NA,54.024,68.837,48.848,64.695,56.957,59.747,-0.788,2.896,NA,NA,NA,NA,NA,NA,112.507,109.09,110.45,NA,NA,NA,125.51,93.071,98.771,NA,NA,NA,NA,NA,NA,136.602,97.61,110.803,NA,NA,NA,119.603,104.89,109.354,0,0,0,0,0,0,NA,NA,NA,NA,NA,NA,0,0,0,0,0,NA,NA,NA,0.691,NA,0.207,NA,NA,NA,0.101,0.001,NA,NA,NA,96.092,NA,88.642,NA,NA,NA,82.142,67.293,NA,NA,NA,-4.944,NA,-5.892,NA,NA,NA,7.982,0,NA,NA,NA,8.407,NA,-0.462,NA,NA,NA,-0.048,0,NA,NA,NA,23.351,NA,1.793,NA,NA,NA,-2.976,-0.024,NA,NA,NA,2.897,NA,0.744,NA,NA,NA,-2.522,-2.424,0.292,0.651,0.498,0.538,0.793,0.729,0.573,16.78,166,90.417,11.831,14,0.084,120.333,71,0.428,0.468,161,75.333
"Spencer Schwellenbach","P","ATL","ATL",16,31846,"R",680885,2024,24,"24 - 24",2024,2024,8,7,3.348,21,21,12,0,0,0,0,123.2,500,106,49,46,14,23,1,6,3,0,127,142,125,74,12,1887,580,1307,59,9,3,0,9.243,1.674,5.522,7.714,1.019,0.225,1.043,0.279,0.745,3.288,1.136,0.217,0.416,0.367,0.096,0.112,0.063,0,0.328,-0.06,24.693,123.2,NA,NA,24.693,2.643,21.142,2.999,-0.056,0.412,0.356,3.662,3.344,1.245,-7.545,8.791,14.269,1.467,0.914,0.922,0.872,0.937,21,21,1.097,0.265,0.361,95.975,0.201,87.282,0.166,93.016,0.144,80.643,NA,NA,0.128,84.55,NA,NA,0.002,NA,0.996,2.201,1.42,0.67,NA,4.623,NA,0.146,0.581,0.454,0.246,NA,1.91,NA,0.382,0.698,0.528,0.59,0.842,0.744,0.462,0.672,0.135,0.162,0.297,0,0,0,80.425,82.973,82.609,0.254,0.046,0.208,3.421,3.47,4.294,0.06,142,117,85,63,178,103,344,0.413,0.34,0.247,0.183,0.517,0.299,107.898,53.679,201.006,91.049,90.672,92.068,80.996,94.73,103.72,113.256,56.344,109.099,96.854,98.768,95.429,102.383,96.397,101.271,114.703,98.433,95.157,3.36,NA,NA,NA,63.55,54.893,58.558,63.118,54.476,59.256,53.356,58.725,43.027,65.145,57.666,59.897,NA,NA,NA,64.047,40.912,62.103,61.723,45.668,57.75,64.887,53.038,61.474,-0.799,2.878,NA,NA,NA,100.815,103.804,107.973,109.646,107.611,107.636,93.129,102.078,100.517,109.916,113.277,118.707,NA,NA,NA,94.159,104.372,100.131,83.824,107.043,108.84,NA,NA,NA,101.156,107.365,108.468,0,0,0,0,0,0,NA,NA,NA,NA,NA,NA,0,0,0,0,0,NA,NA,0.147,0.291,0.167,0.128,NA,NA,0.069,0.197,NA,NA,NA,80.742,96.165,92.959,84.548,NA,NA,95.189,87.322,NA,NA,NA,4.947,-3.317,0.827,-5.385,NA,NA,-8.573,2.161,NA,NA,NA,-5.183,6.998,4.891,-0.615,NA,NA,3.148,-2.701,NA,NA,NA,0.396,1.253,1.967,4.753,NA,NA,-0.221,2.713,NA,NA,NA,0.142,0.228,0.625,1.964,NA,NA,-0.169,0.729,NA,0.35,0.67,0.528,0.522,0.838,0.745,0.557,17.2,344,87.61,11.665,16,0.047,117.284,137,0.398,0.763,162,123.667
"Griffin Jax","P","MIN","MIN",8,20253,"R",643377,2024,29,"29 - 29",2024,2024,5,5,2.028,72,0,0,0,0,10,6,71,276,47,19,16,4,15,1,2,4,0,95,84,52,25,3,1068,328,740,57,9,2,0,12.042,1.901,6.333,5.958,0.507,0.181,0.873,0.269,0.771,1.941,1.615,0.155,0.522,0.323,0.058,0.077,0.107,0,0.413,0.24,NA,NA,24.687,71,24.687,2.592,20.736,2.556,-0.205,0.169,-0.036,1.829,2.316,2.032,-7.153,9.186,16.208,1.706,1.767,1.625,1.79,1.515,56,72,1.67,-0.52,0.397,97.078,0.371,88.838,0.004,91,0.062,86.515,0.167,92.427,NA,NA,NA,NA,0.004,NA,10.114,3.659,0.258,0.64,1.722,NA,NA,2.385,0.924,6.458,0.97,0.968,NA,NA,0.412,0.666,0.52,0.484,0.781,0.645,0.423,0.707,0.184,0.172,0.357,24,41,11,50.663,46.551,55.774,0.344,0.054,0.29,2.148,2.488,7.225,0.087,68,58,37,38,73,52,164,0.417,0.356,0.227,0.233,0.448,0.319,139.496,61.056,228.472,73.082,43.982,76.643,69.757,94.63,106.486,151.404,66.268,80.079,125.778,82.544,66.719,102.121,101.505,94.214,144.023,84.942,102.616,2.34,66.159,64.833,61.977,78.323,80,60.415,69.816,57.658,64.267,67.163,68.987,56.41,77.684,80,55.21,NA,NA,NA,NA,NA,NA,NA,NA,NA,77.201,78.076,62.297,-1.565,1.73,107.319,106.983,115.389,150.77,117.825,123.116,115.172,108.626,112.683,86.31,102.311,104.67,170.025,102.06,125.239,NA,NA,NA,NA,NA,NA,NA,NA,NA,NA,NA,NA,133.858,105.745,117.41,0,0,0,0,0,0,NA,NA,NA,NA,NA,NA,0,0,0,0,0,0.167,NA,0.062,0.305,NA,NA,NA,NA,0.092,0.375,NA,92.354,NA,86.327,97.1,NA,NA,NA,NA,96.702,88.788,NA,-8.086,NA,2.599,-3.432,NA,NA,NA,NA,-8.744,7.599,NA,0.371,NA,-9.204,8.538,NA,NA,NA,NA,4.969,-1.984,NA,1.806,NA,0.703,7.537,NA,NA,NA,NA,2.925,4.339,NA,1.014,NA,1.065,2.312,NA,NA,NA,NA,2.985,1.085,NA,0.363,0.676,0.521,0.389,0.774,0.64,0.503,18.657,164,88.25,6.256,13,0.079,111.326,63,0.384,0.438,162,71
"Brady Singer","P","KCR","KCR",7,25377,"R",663903,2024,27,"27 - 27",2024,2024,9,13,3.707,32,32,13,0,0,0,0,179.2,762,175,77,74,22,54,0,10,2,0,170,246,152,124,10,2969,1105,1864,87,14,6,1,8.516,2.705,3.148,8.766,1.102,0.251,1.275,0.302,0.778,3.935,1.618,0.238,0.471,0.291,0.066,0.145,0.057,0.167,0.323,-0.28,23.982,179.2,NA,NA,23.982,2.482,19.856,3.841,2.027,-0.668,1.359,4.849,3.622,0.847,-11.888,12.736,16.986,1.583,0.908,0.858,0.879,0.919,32,32,1.147,-0.214,0.528,92.164,0.455,82.918,NA,NA,NA,NA,0.017,87.922,NA,NA,NA,NA,0.001,NA,1.052,-1.013,NA,NA,-3.084,NA,NA,0.067,-0.075,NA,NA,-6.048,NA,NA,0.29,0.666,0.446,0.569,0.893,0.769,0.414,0.585,0.103,0.181,0.284,0,0,0,88.143,95.967,88.259,0.223,0.071,0.152,3.893,4.139,4.358,-0.228,221,206,101,84,272,172,528,0.419,0.39,0.191,0.159,0.515,0.326,98.645,86.86,113.568,107.532,95.594,105.891,101.818,106.468,107.53,98.134,86.41,122.506,113.609,74.419,125.537,102.46,111.296,79.394,98.284,97.706,104.784,4.65,28.361,37.287,28.414,NA,NA,NA,36.901,48.923,37.603,48.708,42.948,49.41,45.242,47.58,48.054,NA,NA,NA,NA,NA,NA,NA,NA,NA,46.986,46.205,48.895,0.313,4.546,80.176,77.378,68.776,NA,NA,NA,63.171,95.875,86.303,70.073,100.941,91.334,106.478,99.29,101.968,NA,NA,NA,NA,NA,NA,NA,NA,NA,NA,NA,NA,84.071,99.029,94.006,0,0,2,0,0,0,NA,NA,0.327,NA,NA,NA,0,2,0,0.327,0.327,0.017,NA,NA,0.111,NA,NA,NA,NA,0.417,0.455,NA,88.053,NA,NA,91.733,NA,NA,NA,NA,92.337,82.951,NA,-8.594,NA,NA,-3.393,NA,NA,NA,NA,-8.276,2.976,NA,2.128,NA,NA,6.944,NA,NA,NA,NA,4.58,-1.437,NA,-3.121,NA,NA,-6.978,NA,NA,NA,NA,9.373,-0.055,NA,-6.119,NA,NA,-2.121,NA,NA,NA,NA,0.758,-0.004,NA,0.258,0.633,0.446,0.504,0.878,0.769,0.5,16.868,528,88.911,8.808,42,0.08,114.689,220,0.417,1.109,162,179.667
